tweetid,sentiment
169760,1
35326,1
224985,1
476263,0
872928,1
75639,1
211536,1
569434,0
315368,1
591733,1
91983,0
67249,1
143459,1
663535,0
20476,0
815297,0
274098,0
30045,0
681487,-1
708966,2
393689,2
186705,0
233977,1
525794,0
863649,1
315964,1
588985,0
669979,0
137059,1
556915,1
951973,1
72939,1
205796,1
478581,-1
453375,1
555551,1
219030,1
546209,1
416919,1
433824,0
621526,2
616108,1
70943,0
153248,0
854719,1
616444,0
118418,1
846132,0
443106,-1
758958,1
376412,2
667731,1
222107,0
349545,1
284026,0
564727,0
522979,-1
460970,1
371750,1
251299,0
485211,0
502976,1
623282,1
217605,1
225330,-1
58854,1
723671,2
366409,1
704565,0
655925,0
717618,0
922449,2
729885,0
599133,1
89885,0
249039,1
440750,1
18663,0
314549,2
643414,1
61835,0
659073,1
178597,1
152298,1
581943,1
781913,1
336886,1
624852,1
655116,1
5591,0
731620,0
872882,0
320393,0
353463,1
816508,2
636325,-1
53058,0
725589,1
693559,1
66255,1
218797,1
307092,1
188557,0
137392,-1
597086,1
96006,0
330509,0
78639,0
536231,1
304814,0
553696,1
455898,0
745466,0
846719,2
722710,1
989172,0
492079,1
315869,1
32675,1
959684,1
641938,0
933443,1
458401,-1
554994,0
461467,1
902353,1
178794,0
387356,-1
380276,1
824355,0
685606,0
85488,0
50608,1
447977,1
943930,2
183083,1
359626,2
810128,0
380913,0
516209,1
993538,0
594772,1
22428,0
991876,1
504172,1
283272,1
914599,0
752129,0
701957,2
858489,1
221704,0
409406,0
468372,0
818509,1
204729,1
394896,0
397593,1
465474,2
450344,2
502719,1
816499,1
291002,0
301225,1
402773,1
81233,1
642569,1
900041,0
67900,-1
237131,1
311030,1
975455,1
69232,1
156024,0
268543,0
586693,1
709157,1
582003,1
689136,0
953619,0
971710,0
809619,1
595597,0
274499,0
771063,0
597739,1
110053,0
723442,1
881554,0
704923,1
822018,0
505322,2
120776,1
404757,1
811053,0
317696,1
734766,1
841196,1
400682,0
649511,0
740566,1
798359,1
861578,0
5417,2
609894,0
174874,2
227482,0
316886,0
112798,2
44507,1
444423,-1
878768,1
951095,0
970445,1
208227,1
545402,1
498559,1
454769,1
490905,0
343981,1
891649,0
794296,2
669149,2
104997,1
54711,0
756770,1
632633,2
882503,1
604089,1
37591,0
304290,0
167356,0
398680,1
268980,0
485450,1
246743,0
83632,0
804653,2
614272,0
699619,0
128361,2
617614,1
756863,2
550624,2
971913,1
597102,0
468901,0
512603,0
869,1
135515,1
471002,2
76054,1
835455,0
593722,1
209903,0
311687,0
38624,1
140169,1
50739,1
134179,0
368885,1
955073,0
642519,0
849811,1
377434,0
61946,1
128149,1
545779,2
145812,1
839220,1
23630,2
631635,1
659284,1
636800,1
246233,1
224961,2
227170,0
24500,1
444613,1
173797,0
183700,1
305251,1
487336,0
521403,0
741971,0
171732,1
354162,1
572875,0
337961,1
39327,1
666488,1
686787,-1
248289,0
644357,1
106812,0
492300,1
929522,0
827492,0
92888,1
748860,0
544547,0
970736,1
805808,1
320551,-1
210944,0
109631,2
251292,1
170364,0
948426,1
780776,0
693604,1
799998,1
373943,1
593149,1
264289,1
479344,0
820909,1
492817,1
831733,0
405413,1
685176,1
982870,0
92655,0
929710,1
365298,0
597644,0
908494,2
532450,2
431470,-1
261786,1
126953,1
157454,2
911863,1
968491,1
341684,1
868000,1
937870,0
196243,1
749947,1
10201,1
861465,1
418775,1
561942,1
61831,1
224428,2
470738,1
694377,0
557591,-1
504856,1
988980,0
811937,0
78955,0
166783,1
2520,0
268418,1
911873,2
380946,0
841067,-1
760341,1
872864,1
833511,1
795400,2
947288,1
97754,0
848402,0
77036,0
280663,1
654324,0
105628,1
227665,0
169839,2
334216,0
502105,1
174279,1
193681,1
457324,1
562231,-1
254480,1
432635,2
916814,1
217862,1
454694,0
512554,0
249736,1
979904,0
841942,1
141852,2
279014,2
511552,-1
502057,2
822243,0
586976,2
870627,0
809260,0
258979,0
342572,1
833715,0
63205,1
327,1
286773,2
831328,1
265516,0
988076,1
92963,1
813089,0
372840,0
460869,0
700900,1
54421,-1
83811,0
932229,1
14731,0
416245,0
91717,1
37782,1
168950,1
791767,1
612474,1
863569,0
833620,1
831050,0
327186,2
70954,1
744906,0
410805,0
321290,2
560166,0
199999,1
520958,1
486093,-1
433768,1
170942,1
97769,1
574580,-1
427983,-1
536786,0
64572,0
932658,1
875904,0
388184,0
448406,0
280094,1
196585,1
297123,0
583405,1
749358,2
8540,1
92130,1
682459,0
493774,0
81514,0
937131,2
683822,0
181932,0
185061,1
718905,0
467768,1
50360,1
37282,0
324725,-1
587613,1
759085,0
995304,0
62430,0
959472,0
134816,1
443799,1
84144,0
626595,1
382192,1
249680,0
209100,2
505060,2
510212,0
454150,0
900706,0
355447,1
415557,0
431394,0
796461,2
551013,1
71926,1
260753,1
883406,1
973790,0
673020,1
573493,1
850799,1
596499,0
430720,0
970612,1
645141,0
122672,1
572212,1
590281,0
185082,-1
643999,2
276142,1
522428,0
242869,1
859835,1
179238,0
830861,0
659715,1
742214,1
44768,2
156753,0
689726,0
659825,0
805236,1
484743,0
843791,1
401342,0
268165,1
450971,-1
969588,0
493909,1
775367,1
102955,2
356595,2
860992,2
478186,2
235851,0
859554,1
383555,1
568803,2
522415,1
493050,1
568528,0
371027,2
554560,1
969599,1
70097,1
898167,1
483103,2
773089,0
436540,0
214657,1
824653,0
132616,1
962166,0
357327,0
183595,0
338190,0
821753,0
782634,2
355771,1
102889,1
335544,2
417438,0
99418,1
774033,1
151834,1
573075,2
675187,2
488287,1
317596,1
848773,0
177318,1
743728,1
166017,0
668192,1
242646,1
572824,1
516374,1
569974,1
368987,1
35989,0
439267,1
425036,1
978741,1
161511,2
158819,1
225262,1
398562,0
940439,-1
657384,0
348631,1
950221,1
390207,1
633050,0
45603,1
892219,0
763551,0
219247,0
78219,1
106376,0
664990,1
61204,1
444521,2
162744,1
10394,1
107336,1
400960,1
157258,1
762553,1
398197,1
513701,1
450710,1
192494,1
376697,0
466375,-1
600809,1
337306,0
597597,1
282282,1
619747,1
848426,0
468720,-1
954154,0
544640,0
192358,1
768797,1
817583,1
864589,1
104220,0
725297,1
973859,0
942269,0
145192,1
965827,2
861437,0
296887,0
817495,1
273994,1
799474,1
177872,0
532392,1
770417,1
706812,1
193396,1
863034,2
967152,-1
948038,1
608126,2
412897,0
970466,0
604868,2
94532,1
820173,1
833762,2
604371,1
961064,2
419528,1
79982,1
564369,1
489017,0
887262,2
402712,0
963864,1
854765,1
331759,1
26332,1
238943,0
431614,2
329434,1
680680,1
39578,1
670432,0
371166,0
686203,0
118985,1
263823,0
275604,1
390449,1
553573,2
159171,0
172630,0
867879,0
555667,1
107607,0
671813,1
29467,0
424298,1
247885,1
66440,0
794065,0
383354,1
73974,0
597362,1
873587,1
755011,0
736998,1
117248,1
692018,1
813376,0
834684,2
546314,0
876985,1
207998,0
110340,0
715656,1
88611,0
716533,1
269830,1
661339,1
96822,-1
101833,2
548873,2
432375,0
963943,1
105738,1
814952,1
933283,0
476266,0
713154,1
729178,0
739461,1
46459,1
564711,1
9295,-1
89381,2
997108,2
434160,0
632113,0
349480,0
981685,0
891296,1
795819,-1
22856,2
176472,1
760306,1
364909,2
593804,1
307467,1
610642,-1
129662,0
569359,2
561862,1
423167,0
840583,-1
683275,0
190548,1
958471,1
740052,0
631040,1
976028,1
990527,1
58802,0
406698,0
166458,1
758638,0
864544,1
937863,1
839640,1
43118,1
554437,0
24114,1
594987,1
2994,2
983985,1
738824,1
578675,1
246789,1
459925,1
723464,0
939557,1
962770,0
432283,0
295172,1
354011,0
917171,0
368282,1
799357,2
218943,2
354686,2
180377,0
979574,2
457365,1
855074,0
527673,1
785117,1
973760,0
928581,1
56229,1
489025,0
43190,1
563462,2
972585,1
593576,1
327139,1
615819,0
538945,0
967095,1
993681,0
568295,2
969003,1
644408,1
956047,1
525657,1
56665,1
617655,1
838447,0
931195,1
577981,0
870874,0
480174,1
695290,0
645362,0
475332,0
78586,0
792010,2
600177,0
579760,0
733217,1
130633,2
246139,1
83570,0
233932,1
65704,1
720328,0
182815,2
992508,1
582996,1
712952,1
217793,2
960416,1
387077,1
62147,-1
158157,1
16196,0
211659,1
368185,1
681044,2
368951,1
200078,1
947641,1
591630,1
60500,0
257401,2
478713,2
735450,1
633125,1
610055,1
632978,1
365076,2
875539,0
758419,-1
709088,-1
768261,0
209509,0
127305,0
121053,1
19558,0
801712,1
837454,1
541857,0
11629,2
10359,0
66175,0
23284,-1
211731,1
32828,1
300306,0
798465,1
429350,1
96211,1
287991,0
580986,1
782530,0
446353,0
404665,0
971456,1
503290,1
675704,1
225076,0
593471,1
481167,1
161297,1
270003,0
411180,1
271499,0
672109,1
602150,1
575468,0
181408,0
161726,1
977902,1
788232,-1
725006,0
722658,1
600224,1
793349,-1
451620,1
424135,0
88627,1
806009,0
192064,0
685562,2
284646,1
715307,1
883501,2
842439,0
33587,-1
730304,1
87268,1
494947,1
557924,0
351002,-1
361958,1
624214,-1
513910,1
506543,1
778056,1
357156,0
370081,1
880261,1
509403,1
580774,1
837095,1
560337,1
132783,1
304998,2
819879,0
849455,1
346200,0
625746,0
677462,1
107732,1
277516,-1
119700,0
219147,0
773453,0
813113,1
121431,0
258442,1
15784,0
491379,0
767093,1
508244,0
711697,1
78517,1
592053,1
723025,0
310230,-1
751878,2
617843,2
265859,0
410288,0
708448,1
254072,1
791956,1
515974,2
972791,0
330960,1
126876,0
316154,0
179087,0
586916,-1
70846,0
752225,0
404604,1
836527,1
678059,1
333311,1
74980,1
477908,0
506657,1
980875,0
805679,-1
193548,1
818493,-1
625918,0
215713,0
126166,1
709380,1
570628,1
898663,1
103967,0
934788,0
327499,1
953095,1
592527,1
488806,1
531595,-1
899135,2
661210,2
311285,0
956537,1
536614,2
518252,1
101697,1
136250,0
571656,1
614530,1
506382,1
990558,0
414640,0
757228,1
741160,1
80801,1
14077,1
44115,1
782491,1
141116,1
758470,0
111565,2
108937,1
333960,1
495632,-1
855633,1
387274,-1
944823,0
676644,1
674904,0
706197,0
751823,0
534701,2
776680,2
856934,1
838992,0
73072,1
592976,0
120301,0
477557,1
331101,0
587789,1
106773,0
714124,0
772086,2
656418,0
372287,1
481477,0
938734,2
922926,0
339447,1
325978,0
42066,1
382638,2
16052,0
450371,-1
450653,0
299753,1
643564,1
975417,1
890333,2
759258,1
82004,2
187640,0
790339,0
760264,0
34404,1
387284,2
111495,1
263613,0
811478,0
615025,0
709431,1
815398,1
429819,0
55201,0
918786,2
505250,0
811168,1
616510,1
810332,1
778191,0
644140,0
614087,1
350693,0
224411,-1
187760,1
673695,1
624957,2
682615,1
674916,0
404402,1
53072,0
48112,1
785837,1
184816,1
230210,1
915999,0
376465,1
194186,2
106745,0
992715,0
274295,1
841614,1
855159,1
369248,1
400854,1
232119,0
770087,1
61801,0
582837,0
696188,1
710747,0
943396,0
943553,1
957958,2
170910,1
680524,1
565587,0
749902,2
748072,0
937512,1
130999,0
342929,1
406526,0
281624,1
111021,1
898463,0
920547,1
300268,2
6377,0
150851,0
836682,1
975094,0
303263,1
469044,2
826563,0
879918,1
803773,1
535044,1
129239,0
123544,1
955118,0
763466,1
302824,1
970253,0
536636,0
225644,1
901410,2
976357,0
276425,0
698782,1
476182,0
560795,1
734099,0
874279,1
528799,1
844516,0
42001,1
729333,1
910929,1
436637,0
539943,0
158515,2
913083,0
196246,0
312900,0
247152,0
621919,0
72893,1
989727,1
828411,0
231642,0
294532,0
322655,2
238643,1
226893,0
22945,-1
667052,1
330901,1
893735,0
844155,2
598545,1
792602,0
81394,0
79720,1
450891,1
689110,1
603282,1
151774,0
427833,1
514030,1
450842,0
663940,0
289537,0
93580,1
999485,1
16012,1
602434,2
128526,1
567878,2
311040,1
397558,0
659249,0
732039,1
257083,1
653366,2
764741,1
240417,1
941193,1
249928,0
355194,2
466127,1
986184,1
194736,1
193995,1
630191,0
467505,0
385475,-1
537515,2
689188,2
629787,1
125791,2
873126,0
634159,0
5824,-1
626130,1
710596,2
739055,1
584269,1
930286,2
803604,2
902313,-1
365571,1
418391,1
260874,1
53754,1
406691,2
958946,-1
135258,1
349414,1
988959,1
954431,1
985836,1
698510,0
509363,0
625498,1
896827,1
393734,0
326465,0
856169,0
404748,1
330862,0
455496,1
571982,1
298506,1
98423,0
660483,1
219919,2
967026,1
640859,0
574291,0
673739,1
490703,1
811513,1
357267,1
366205,1
47116,1
41555,1
666135,1
997640,0
381416,2
168327,0
492253,2
422735,1
667117,0
202823,1
10908,-1
366599,1
394665,0
734589,0
210821,0
191243,1
435686,1
7931,1
331666,1
998608,1
598170,2
981822,1
349039,-1
131708,0
440962,0
719287,1
866736,0
793383,0
486705,1
206701,1
812095,0
813429,1
300273,1
246003,0
357693,0
127689,2
554542,1
713892,0
855661,0
413022,1
204680,1
865502,1
70808,0
542694,0
521642,1
90760,0
599952,1
116224,1
781730,0
222272,0
520111,1
470642,1
241795,0
585620,0
969978,0
800466,0
665096,1
59084,0
813349,1
312981,1
965523,1
921337,1
791417,2
472174,0
514550,1
418510,0
344814,2
555242,1
603943,1
996818,1
518736,1
194144,1
548422,1
781735,1
90786,1
3051,1
402995,1
224269,2
891634,0
661409,0
776823,1
773037,1
716592,0
709740,1
230435,0
105775,2
277235,1
323839,1
485009,2
991522,1
421384,1
407930,1
499185,0
634042,2
281534,1
29564,0
777475,1
73475,0
924278,2
945887,0
133825,1
750622,0
340947,1
477970,1
841038,0
331429,0
861934,2
117689,0
231985,0
452498,1
147151,1
402278,0
515529,0
816064,0
320416,1
674363,0
45153,-1
294203,2
69149,0
892557,1
714218,1
374533,1
799765,1
406896,0
493645,0
77622,0
351139,0
598383,2
437099,-1
811260,1
289021,0
411748,2
834122,1
531633,1
138830,2
855031,0
621398,1
591179,-1
665535,-1
625048,2
395927,0
819363,-1
226513,0
230277,1
217668,1
646356,0
585846,-1
320140,0
7769,1
128883,0
930716,1
52091,1
865029,1
678269,1
646896,0
151820,1
126071,1
390635,0
846830,0
903429,1
552575,1
51238,1
398685,-1
442076,1
245264,0
1847,1
800950,-1
236737,1
371083,1
288557,0
645411,0
582358,-1
105065,0
105707,-1
487304,-1
966654,0
367823,1
649275,1
29185,2
172119,1
685650,-1
173254,0
287735,1
97811,1
838235,0
254835,1
318905,1
259043,2
381017,0
649757,-1
529954,0
663529,0
423720,1
22777,0
766694,0
166583,1
282634,1
353764,1
461317,0
31680,0
998009,1
491318,2
970330,1
476860,2
415960,1
937064,1
935085,0
863837,1
166987,1
65621,1
486600,1
389265,1
151202,1
906908,1
98725,0
741135,1
184479,1
364623,2
289083,0
101465,2
877671,1
414975,-1
819137,1
162715,0
889367,0
682050,0
468148,1
276721,1
809015,0
82904,1
629958,1
282539,1
576641,1
721032,0
985863,0
351847,1
102182,1
432256,1
810959,-1
339263,0
426325,0
634147,1
43694,0
693219,0
840612,0
292313,1
459823,0
458700,1
886294,1
72399,1
838493,1
239467,1
966716,1
88590,1
270660,0
612857,0
481502,0
953534,2
399293,2
325715,1
412226,2
817566,1
610516,1
921902,1
279576,2
164195,0
233989,2
650411,1
531313,-1
4333,1
643985,2
556079,0
362728,0
619584,1
498930,2
711047,0
280183,1
710884,1
669728,0
873903,1
133051,1
580652,1
122184,1
297918,0
443350,1
942345,0
487311,1
624290,2
462841,1
682584,1
86801,1
614098,0
71036,-1
603798,0
539219,0
571734,1
891254,0
16967,0
366465,1
468888,1
755956,1
854237,2
929586,0
972465,-1
47414,1
237511,1
473045,1
719760,0
3380,1
915945,1
746072,2
793658,0
718346,1
991582,1
186975,1
544544,2
598757,0
352182,0
799769,-1
285144,1
406272,0
92988,0
36673,1
558989,0
261633,2
239960,1
938879,1
638143,0
162574,1
78388,0
966667,1
865944,1
972181,2
946851,1
214800,0
728032,0
600651,1
728584,1
706681,1
589739,1
450581,1
47561,1
401905,1
800981,0
589183,-1
222534,0
357670,0
923142,0
497636,0
443455,2
730705,0
830855,0
255556,2
961712,1
589379,1
956735,1
216207,1
650019,1
606200,2
753836,1
847322,0
273226,1
83629,1
226734,1
788872,1
870974,1
591870,1
568912,1
789519,1
731488,-1
244090,0
735125,2
764484,0
646717,1
31157,0
152232,1
414280,0
587546,0
821756,0
373215,-1
826764,1
733307,0
596788,-1
57392,0
761256,1
586312,1
93389,1
93917,2
73551,2
165581,1
156791,0
823794,1
63392,0
182207,0
829750,1
101290,0
639078,1
960964,0
884242,-1
333194,0
180605,1
724302,1
464585,0
857134,0
289751,1
746574,1
5343,0
477522,0
446879,1
546541,1
732463,2
380608,1
336640,0
52477,1
194507,1
538733,1
622382,1
758067,0
969245,1
6204,1
360927,1
733862,1
254831,1
312789,1
683632,1
698155,1
581241,0
685887,0
495618,1
98564,0
422534,1
378882,1
175872,0
135908,1
840249,-1
37433,0
231996,0
573211,1
703385,0
11101,0
819890,1
572492,1
120502,1
146930,1
913546,1
808868,0
383788,1
629338,0
429250,1
327253,-1
233323,2
754966,1
5107,0
285700,1
997597,1
605325,1
181468,0
921776,1
131890,1
727491,1
407368,1
720318,1
521215,1
699505,0
260605,1
4496,1
162556,1
283270,-1
631070,1
343853,0
195609,2
729294,0
342029,1
31305,1
974349,-1
827385,0
110637,1
330981,1
716213,0
673772,0
533976,-1
467243,1
671317,2
232183,1
489015,0
356158,0
988748,1
240002,0
873392,0
345670,0
356761,1
530584,0
177001,1
525148,0
347083,1
784269,0
420686,1
918830,1
550616,0
696228,0
861731,1
677852,0
591361,1
962050,1
76649,1
832328,1
239449,0
467995,2
467450,1
127162,0
477381,1
58715,1
701473,0
893061,2
335217,1
909071,0
471885,2
164325,1
875446,1
366749,1
625267,0
805316,1
779520,0
967449,1
39093,0
306078,0
983065,2
106475,1
380508,0
236562,0
589848,1
741895,2
204042,1
238985,0
468940,0
467571,1
86934,0
650045,1
334396,2
308397,0
435631,2
206312,0
565453,0
250852,1
511144,0
985030,1
5045,1
962371,1
179695,1
571674,0
708517,1
949891,0
451267,2
463572,0
527910,1
446310,1
105414,0
18138,0
653784,0
331838,1
650762,1
826394,0
164947,1
871573,2
737732,1
78892,1
950200,-1
484870,0
382863,0
155451,1
361880,1
625561,0
675442,2
113514,0
19397,2
718093,0
428411,-1
908602,1
595852,1
866548,1
516734,1
203690,2
457889,1
42699,1
564817,0
519244,1
634222,1
851947,1
925224,0
776585,-1
603969,1
848121,-1
745737,1
706675,1
891427,0
311901,1
190297,1
782363,1
44291,1
370428,1
899174,1
144125,1
422237,1
554582,2
242199,-1
232219,0
224076,1
945898,0
564911,0
343688,-1
371908,-1
627574,0
180485,1
249763,1
651375,1
660951,1
657758,0
237867,1
782819,0
791928,2
294609,1
850390,2
396547,0
142830,0
250983,2
443938,1
831490,1
418267,0
860398,1
763872,-1
574726,1
142336,2
213055,-1
455829,1
656699,-1
171902,1
350128,2
714025,1
17420,1
44772,0
643168,1
704610,2
820523,1
37607,1
680087,2
509948,1
938423,0
476346,1
617648,2
659939,2
510346,1
106516,2
187412,0
530662,1
969059,-1
233113,2
881485,0
396578,1
722776,0
69263,0
783056,2
29053,0
45878,0
845042,2
78628,2
899274,1
485857,2
914284,0
590949,1
286808,2
449133,1
145375,-1
769261,1
769524,2
968896,2
313839,2
775822,0
293312,0
495182,1
896063,1
2325,1
795486,1
135329,0
885345,1
703319,0
595781,1
243128,1
589175,2
473007,0
145261,1
942956,0
524966,0
713766,2
440834,2
94839,1
730063,1
120270,1
73612,1
432813,0
317254,1
149855,0
588233,0
860852,1
762132,1
694699,1
357323,0
617071,1
909332,1
460019,1
175290,1
845224,1
77234,1
337929,0
846396,1
515567,1
365305,0
410068,0
123198,2
287376,1
799250,0
744900,1
505135,2
380314,1
272452,0
164506,1
825234,1
959388,2
502275,-1
663775,1
515364,0
29777,0
857998,1
930993,2
225367,0
299046,1
54060,1
153537,0
77959,2
238755,0
913486,1
14443,1
604691,0
56693,1
397430,1
292158,1
263045,2
686702,0
111969,1
575864,1
592714,1
788130,1
283215,2
463455,-1
84395,0
111750,0
930512,1
582792,1
172215,0
856082,0
788739,2
509947,-1
407486,1
93916,0
49777,-1
794018,0
448173,0
461282,-1
44346,1
505510,1
782839,2
104045,1
568580,0
758553,1
53400,-1
441214,1
953386,1
143711,1
120075,-1
215972,2
439116,-1
186431,1
593449,0
607278,1
582945,1
922510,1
767792,1
795952,0
944860,1
444063,1
865922,0
752668,1
977914,0
252208,0
772954,0
254837,1
237616,1
371131,0
343754,1
449316,0
185570,0
47008,1
19133,0
375376,1
578099,1
763558,0
162367,1
690491,0
698617,1
620254,1
217118,1
232363,1
816170,0
449825,-1
672636,0
179091,1
231038,1
291804,-1
710495,0
553086,1
323962,1
581600,0
704427,0
438734,2
209379,2
415615,0
284806,1
310499,1
346116,0
771257,0
129670,0
532461,0
847765,1
541807,0
151102,1
301061,0
920481,1
223008,0
804457,2
577544,0
724299,0
615253,-1
414925,0
905949,1
633508,1
270235,-1
560973,1
337725,1
307063,1
248899,1
693471,1
32083,1
581827,0
447640,1
862171,1
263238,1
177423,0
556777,0
814230,0
34166,1
355856,1
961882,1
762704,1
602494,0
34702,1
715552,1
355679,0
854686,1
171389,1
820375,1
752605,1
923279,1
150302,1
444048,1
772347,1
707363,1
43036,1
31741,1
902354,2
732442,0
691266,0
115042,1
522188,1
815935,1
621337,1
933944,1
545889,1
639168,1
655821,1
217577,2
988338,1
310934,0
384173,0
850427,2
614699,2
146362,0
58112,0
466658,1
798525,0
569963,0
434900,0
51794,0
373733,2
78426,1
591624,1
376278,-1
881145,2
423932,0
154517,1
809256,0
592760,0
326267,1
557614,1
657699,0
792471,1
687325,0
184414,1
160393,1
846792,0
615738,0
988164,1
487047,0
469101,1
804088,1
981726,0
661325,2
395935,1
404054,1
336290,1
458596,2
721106,0
837210,2
370613,1
123115,0
306643,2
666144,0
108718,2
319332,1
579193,1
358166,0
141738,0
260609,0
581967,1
132595,1
488092,1
392202,1
315476,0
205530,0
659291,0
436218,1
90685,0
142415,0
24934,-1
409382,1
920431,2
796763,0
845251,0
388243,0
604797,1
152641,1
248936,1
938144,1
424611,1
329124,0
665784,0
640825,0
163428,0
556966,0
462236,2
940585,1
836959,1
203375,1
254557,1
980954,1
24797,2
281199,1
574766,1
887404,0
291525,0
649648,1
753473,2
305074,0
328063,1
567452,1
195871,1
540520,0
875626,1
672918,2
17142,1
644643,0
558196,1
718420,0
941514,-1
142228,2
114046,0
201727,1
432369,0
387738,1
199691,1
180304,1
673181,1
146042,1
558321,1
486158,1
656852,0
746973,1
443873,1
946854,1
206666,0
329798,1
494754,0
964787,1
992585,0
626550,0
338140,1
86710,0
880166,1
461185,1
840127,0
909823,0
347835,1
41851,1
429019,0
822696,1
398282,0
939362,1
44160,0
193712,1
628281,-1
489292,0
616565,0
347410,1
17963,1
76228,0
601837,-1
569634,0
57381,0
120440,1
34596,0
28256,0
499154,1
352917,2
642374,1
597069,1
830957,2
317312,2
827075,2
588394,1
706639,1
182537,1
16854,0
443398,0
434602,0
554528,0
30214,0
171137,1
875060,-1
961114,0
246680,2
244205,1
552594,1
726305,1
354750,1
71830,0
345645,1
212044,0
200267,1
942846,0
174493,0
333002,2
146187,1
793908,2
496143,0
966647,1
323,2
803875,2
402047,1
534219,0
703000,1
671584,0
559320,0
188050,1
887516,1
645866,1
466328,1
415728,1
503003,1
298164,1
633000,-1
512067,1
235641,1
343381,1
733240,1
136832,1
389026,1
852347,1
25002,1
294027,1
648266,1
810469,0
224435,1
952397,2
12004,0
185013,2
486832,1
86045,1
133514,-1
799864,1
781356,1
866735,1
788791,2
907298,0
930620,-1
580848,0
438124,0
400009,1
956741,1
748695,1
831576,0
683218,1
531715,1
555874,2
672398,0
293081,0
506419,0
776853,1
857439,1
860763,1
169809,2
410150,1
776743,1
830459,1
612043,1
247011,0
404518,1
997644,0
111741,1
921727,2
921922,1
349946,1
632649,1
10315,1
448017,1
561814,0
88851,1
317861,1
419424,0
185650,1
931895,0
893553,1
159886,1
48509,1
697646,1
260134,1
958366,1
497671,1
890683,0
219061,1
50736,0
742031,1
431195,1
159717,0
641424,0
423512,2
229137,0
798844,1
693406,0
371036,1
211835,1
757133,0
937342,2
977747,2
333823,0
669775,1
260295,1
677043,0
477036,1
194820,1
833593,0
737103,0
838487,0
14362,0
433532,1
375715,2
274541,0
115978,0
905000,2
343053,0
168437,0
794305,1
149132,0
255482,1
786652,0
18795,1
261144,0
2575,0
477704,0
645226,1
613988,0
141972,0
863542,1
922667,2
419431,1
960388,1
853322,0
622813,1
785330,1
810188,1
53815,1
818404,0
747464,2
754308,1
128943,0
996229,0
964585,1
959469,1
354761,1
102989,2
67926,1
122021,1
549342,1
446441,2
196355,2
589487,1
70611,1
683684,0
978725,0
13287,1
809747,1
838185,0
647188,0
616174,0
754798,1
620739,1
644772,-1
96841,0
818549,0
24845,1
397713,1
924727,1
164077,1
442722,2
583077,1
840571,2
415337,0
148578,0
239214,1
521908,0
947679,0
227844,1
701507,1
617736,0
509196,0
585430,1
839425,0
414230,2
916592,0
705572,-1
282147,1
201741,0
464689,0
506099,1
315331,0
258435,2
910541,1
394712,1
424092,-1
204080,1
744870,1
644004,0
107636,0
661174,1
19909,0
927163,1
358829,1
186937,2
98072,1
43449,1
996972,1
365705,1
27742,1
165638,1
419439,1
254018,0
980316,1
849752,1
601238,0
763081,0
767129,1
292040,0
800470,1
408830,0
902403,1
495974,0
97966,0
612358,1
601862,0
484009,1
24147,0
545781,0
404273,2
459068,2
706804,0
570687,0
611072,1
985616,0
164701,1
599031,1
291016,2
871590,0
375923,2
625713,0
544267,2
597520,1
201908,1
779450,1
41388,1
324210,1
527518,0
995095,2
68508,0
645526,0
803925,0
310865,2
243590,-1
739831,1
838039,0
93918,2
115526,1
164262,1
727311,0
735220,1
468210,-1
689122,0
53596,0
799186,2
101084,0
30439,0
810252,1
821303,1
292964,0
302407,1
271892,2
732321,0
447410,1
803265,0
196513,1
365268,1
202213,0
325954,0
969878,2
626863,1
549662,2
583897,1
81079,0
74615,1
390771,0
921683,1
260545,2
746062,0
523766,-1
369387,1
387902,1
407975,0
843647,2
668518,2
259924,0
823007,2
133194,1
999383,1
844853,1
811166,-1
700248,-1
312802,0
703577,0
842529,0
133240,1
637996,1
242561,0
970006,2
651603,0
339673,1
675644,1
793976,0
162961,0
469570,0
681176,1
887401,1
891406,0
751950,0
965377,2
773946,1
84122,1
845066,1
389748,2
837821,1
967629,0
864765,1
266087,1
41710,1
112134,-1
513080,0
452254,1
564272,2
876098,-1
273845,2
343129,1
622330,2
296515,2
199651,1
265010,1
124863,1
619557,2
500287,-1
366450,0
626887,1
426254,2
535685,1
617761,2
616786,0
863271,0
516407,2
148449,1
849472,1
665945,0
479060,0
736724,-1
288008,1
638394,1
779022,1
951766,0
535506,1
202738,-1
863224,0
870370,1
721194,1
981141,2
252336,1
77169,1
68528,2
38903,1
256464,0
11425,2
898966,1
860813,0
873715,1
81184,1
106630,0
203802,0
904553,2
793878,1
727291,0
659013,0
170414,1
545030,2
935399,0
720843,1
24407,1
368110,1
503818,0
556178,-1
905326,1
337724,0
69700,1
114542,0
160079,1
903579,1
646349,2
161942,-1
598614,1
663644,1
329622,0
263883,1
296398,1
566777,2
158516,1
764934,0
404621,2
803119,-1
610999,1
737690,0
312628,0
712615,1
188749,0
814343,1
988637,1
880191,0
280042,1
630479,2
46849,1
667139,0
445425,0
136052,0
811010,0
170283,0
900662,2
493441,1
94212,0
753640,0
312169,1
202533,0
102614,1
619990,1
86350,0
63121,1
121852,0
600352,1
124929,1
75897,1
574497,2
24804,0
596222,1
906004,0
539619,0
110125,1
448051,1
790726,0
822650,1
381243,2
730979,0
936649,0
587095,1
612202,1
429050,-1
700694,1
851416,1
547091,1
51713,2
125090,1
81094,1
46987,0
10385,-1
660879,0
815867,1
182651,2
13152,1
612985,0
668026,2
286216,0
872878,1
346203,1
717045,0
118481,1
67795,-1
965112,1
942456,0
49607,1
336321,2
220175,1
218973,0
458027,0
932536,0
239165,0
473283,1
10468,1
965411,-1
733655,0
383468,1
796762,0
184596,0
327092,0
158124,1
998269,2
332356,0
495084,0
610404,1
478417,1
599073,1
476278,0
433925,1
184487,1
899620,2
237593,0
637818,1
487541,0
323186,-1
767342,0
897943,1
893076,1
227111,1
484479,-1
142536,0
511856,1
486621,0
793118,1
350625,1
875997,1
520873,0
980231,0
486454,1
790783,1
119066,0
795590,2
703949,1
226753,1
497219,-1
133965,0
108181,1
574156,0
510374,1
547861,0
154116,0
445954,0
997533,1
624946,1
463357,0
912071,1
789575,0
733504,1
921494,0
182771,1
577188,1
77565,1
13576,1
850213,1
233403,0
158376,0
42715,2
125277,2
794752,1
738883,0
646317,0
908688,1
767328,1
771691,1
259880,2
825122,1
884467,0
787682,0
609778,2
737682,0
908388,0
424425,0
323128,-1
628679,2
678862,1
838507,0
205713,1
681150,1
7572,1
941573,0
274509,1
684872,1
370024,0
291351,1
155280,1
493518,2
955736,0
475150,1
814784,2
934550,2
236229,1
868776,0
724046,1
948949,2
383876,1
131974,2
986064,0
428108,1
926841,1
494582,1
781163,0
92910,0
486,0
491939,0
53227,0
800250,1
253165,1
31100,1
457211,1
164443,1
646128,2
26297,1
641969,0
593800,1
256579,0
805014,1
418189,1
640885,0
497723,0
627483,-1
654700,0
237079,-1
432087,1
572031,1
962862,1
73015,2
308754,0
686614,1
620529,1
342626,1
875135,1
135651,0
566883,2
708737,1
771565,0
146085,0
713094,0
540959,1
824998,0
387636,0
6977,1
581176,1
272574,1
312899,1
405772,1
423226,1
15617,0
73801,0
581076,0
763519,2
916909,1
646077,0
551261,1
182472,0
180047,1
986479,0
238659,1
76266,-1
98479,1
177204,0
298152,2
328729,0
297260,1
567264,1
329437,1
985621,0
789426,1
246326,0
933736,1
378617,-1
254499,1
174922,1
312720,2
568863,2
903966,0
730989,0
191303,0
261053,0
179969,1
411209,1
293338,1
224041,1
627912,0
763334,1
769155,0
93337,1
802385,0
42183,2
407596,2
368054,1
618952,0
648741,1
877147,-1
996306,0
154289,1
333682,0
746454,1
504683,1
455348,0
744762,1
153848,1
429721,0
460217,1
622753,0
925836,2
140313,1
498154,1
848278,0
694120,1
614569,2
511015,1
56117,1
97915,1
684968,0
290122,1
896238,1
105501,0
155182,2
243396,1
425069,1
3804,2
92161,0
360732,1
850932,0
20149,2
695895,1
972635,-1
986282,0
568549,-1
434652,1
507521,0
263473,1
267646,0
149939,-1
274077,1
776304,-1
370879,0
404861,-1
204227,0
819486,1
142966,0
818701,1
274044,1
665722,0
421305,1
704236,0
349774,1
635513,0
652424,0
146233,1
676332,0
696485,0
474898,1
939207,1
135234,0
4494,-1
678001,0
505970,1
656254,-1
552023,1
561933,0
885448,1
284977,0
455946,1
891808,0
349787,0
598581,0
327527,2
631112,1
780626,0
617439,0
778454,-1
411141,-1
694508,1
451340,0
200823,0
252827,1
997245,2
593241,1
150780,0
701541,2
342006,0
182752,2
597528,1
979212,1
730965,1
705732,1
852885,0
567968,1
58159,1
485485,1
270505,1
221568,2
261639,1
493242,0
988625,1
127890,-1
582873,1
596848,1
653100,1
681574,0
228139,0
121922,1
941781,1
169175,2
253167,1
715413,1
15656,1
825086,1
207315,0
823519,2
369940,1
359076,1
802295,1
44252,2
230042,1
663144,1
235342,0
948529,1
649033,0
622688,1
500735,0
295382,1
982200,1
349178,-1
395381,2
544107,1
538241,0
591984,1
45181,1
708342,0
950412,0
118586,1
833509,1
694880,1
501069,-1
537327,0
736909,0
777838,1
14607,0
198247,1
532727,1
971954,0
506983,0
740265,0
628974,1
273978,0
890446,0
555626,1
266376,1
555259,0
605751,-1
642647,1
8695,2
288654,0
420856,0
822637,1
495623,1
444782,1
598329,2
581704,0
274996,2
185975,1
6500,1
4922,0
314724,0
864689,0
890303,1
298217,1
58759,2
665061,1
711365,2
53886,1
639109,1
955199,-1
56403,2
986454,0
725929,0
308560,1
63259,2
893580,2
910594,0
635622,1
332270,0
230361,1
970928,1
987005,0
599243,1
415291,1
353090,0
571695,1
442038,1
766968,1
572932,1
770249,0
380515,2
308454,1
870967,1
35630,0
809561,1
51932,1
937854,0
845936,2
48136,0
337375,0
129260,1
651061,0
949433,1
38474,0
780400,-1
900148,0
717361,1
315768,1
1094,1
371575,1
334703,1
347301,1
333023,1
760539,2
986393,1
113410,0
533841,1
646375,1
208765,1
874552,0
581056,-1
564133,1
238576,1
771517,1
569298,1
362439,1
313524,2
453646,0
267618,2
552103,1
922833,1
161548,0
547728,2
882173,0
196745,2
329376,0
561279,1
152362,0
577289,-1
569331,2
797033,-1
697697,-1
705751,0
780961,0
607260,0
56078,0
233570,0
900516,1
526766,-1
950781,1
445119,1
299523,0
700364,1
638191,1
746929,0
585971,2
568079,0
102283,1
154483,0
870534,0
367520,0
483579,1
846473,1
863386,2
448491,0
879144,1
661533,2
778544,1
26334,1
568606,2
694622,1
176767,1
787826,1
765977,1
79002,0
628012,1
468570,1
989146,1
458415,0
677605,0
896052,1
689114,0
743964,-1
562549,-1
609521,2
769546,0
936010,1
28321,1
907350,-1
15176,1
619727,0
755696,1
659339,-1
868242,2
878577,1
27645,1
94375,0
96253,0
106662,-1
927688,1
174681,1
5808,1
562069,1
697588,0
323681,0
767676,1
23872,0
901914,1
940000,0
152867,-1
174045,1
952247,1
420045,1
219993,1
384450,0
284022,2
281768,0
969999,2
692396,0
566712,1
397080,1
400965,1
553873,0
314655,1
210043,2
66392,0
888438,1
42015,0
155936,-1
456964,2
100619,1
165244,1
918091,1
225368,1
809620,1
543287,1
858075,2
342041,0
501333,0
688842,1
259862,1
844239,1
939482,1
851282,1
782419,0
156502,-1
411451,0
778098,2
748621,1
991104,1
429100,2
242868,0
383918,1
665976,0
464303,0
136987,2
210063,0
931052,0
726315,1
430258,1
366927,1
303238,0
485960,0
300485,1
486143,1
487258,1
86791,0
483979,0
557002,2
651130,0
240130,1
854919,0
126330,2
959514,0
669369,1
906463,0
251017,1
17936,0
275097,2
973737,2
398175,1
549419,1
830932,-1
62153,-1
836743,1
688979,0
467710,1
786829,1
475922,1
756330,2
129546,1
283112,0
177141,1
27227,1
991302,0
769041,0
982553,1
882621,0
953530,2
834944,1
561470,1
384297,0
521834,-1
878776,0
800561,2
332192,1
626665,1
720978,2
471603,1
840316,0
270413,1
666499,1
934904,1
750005,0
370595,1
93511,1
389325,1
285464,1
537960,1
523402,0
453346,2
286755,2
735544,0
737829,1
866869,0
887135,2
539693,1
912791,1
32937,1
607228,1
678005,1
547998,1
111384,1
135862,0
585961,1
851295,0
876430,0
161949,0
265741,1
469560,0
625147,1
843557,1
246532,1
397532,1
363915,1
535584,1
195696,1
432742,1
45471,1
147931,1
351920,0
728240,0
15379,2
138964,2
406562,1
673979,-1
6599,2
3316,2
963207,1
292792,2
715826,1
901330,1
658591,1
700745,1
684686,0
585044,0
72912,1
292080,0
775106,1
429183,1
79809,0
710041,1
359322,1
558178,1
883974,1
796425,2
792125,1
603149,0
412743,1
899120,1
77176,-1
48054,0
744133,2
792380,1
450463,1
923478,0
825217,1
92054,-1
455204,1
166549,1
864815,-1
736961,0
495799,1
988766,1
440864,0
7273,1
114016,1
713565,1
713129,1
681654,1
633587,1
489731,0
71236,1
954902,1
608676,1
841621,-1
938387,1
96791,0
336255,1
654234,1
568095,1
297199,1
63520,1
146672,1
156613,0
209688,0
233240,0
635250,1
818370,1
250804,0
472432,1
526619,1
932140,0
678223,1
499800,2
94093,2
975989,1
546488,2
823328,0
83230,0
613657,0
465639,2
37735,0
508126,0
338723,1
216769,1
924616,-1
128444,0
781378,1
161766,-1
629937,0
448114,2
337455,1
928110,1
348665,0
925085,1
350345,-1
255901,0
798119,1
649555,1
678457,0
127945,1
306053,1
429997,1
84686,0
178031,1
433817,0
727081,0
92555,1
736073,0
684291,1
208436,1
631966,-1
632170,1
552169,1
700411,0
398682,1
864408,1
791122,1
311939,1
212992,2
439770,0
888670,1
246648,1
52909,1
185340,1
954861,1
312141,0
779676,1
501230,0
655913,1
869690,0
692291,1
7733,0
323305,0
522534,1
255257,1
342294,1
336712,1
847143,0
958883,1
32011,0
645444,1
591370,0
921487,1
213184,1
191035,2
486019,2
967576,2
485397,0
274091,0
971373,1
80530,1
441388,2
219687,0
589095,1
717337,1
309919,0
624761,1
538959,1
933506,1
255735,0
960885,1
547227,0
955114,1
490235,-1
30625,2
344466,1
352351,0
91361,0
644448,1
321910,1
294122,0
502744,2
450547,0
952430,0
917415,1
546639,1
498408,1
19737,2
89008,1
401448,0
117558,0
713838,1
52888,1
692934,1
211232,1
738012,-1
430717,1
429013,1
622733,0
175296,1
208540,2
341637,1
980407,1
747972,0
10675,1
413483,0
492601,1
440868,1
179308,0
850302,0
994884,2
280069,1
225213,1
383465,0
495245,0
457142,0
918082,0
850665,1
119798,1
197624,0
419286,1
66539,0
937594,1
458056,1
391586,-1
537905,1
940773,1
63636,0
350290,0
399262,1
879570,0
242644,0
360419,0
702569,0
195816,-1
757711,0
927763,1
709644,1
713965,1
645834,0
917740,1
102859,0
302987,2
533731,1
989796,-1
998974,1
238041,1
849413,1
277751,0
42975,0
243718,1
993297,0
162328,1
341635,1
650311,1
244956,0
203918,0
474921,0
111066,1
706768,1
701078,1
469942,1
396077,1
930734,1
769160,2
324,0
685392,1
195255,1
132265,1
232617,1
671491,0
24200,0
670870,1
187081,0
740680,0
183014,0
1002,1
437581,1
13562,1
525771,1
484704,1
435190,2
563240,1
980945,2
71688,0
43993,1
674237,0
609692,0
994995,1
17950,1
660705,1
488065,1
718541,1
789782,1
774504,0
942387,0
913856,0
68822,1
498872,0
282396,1
607114,1
293524,1
67727,1
926215,1
237135,1
13937,1
105223,0
989572,2
548324,2
565886,1
319852,1
958100,1
343719,2
731863,0
603466,2
119608,1
692785,0
764412,0
853757,1
822612,2
400706,1
506377,1
676465,0
528708,0
426419,0
540054,2
912100,1
274630,2
554174,1
905680,1
418450,1
418141,1
307012,0
890324,0
682705,1
379783,0
843593,1
22034,2
616085,1
672236,2
440264,1
162520,2
571452,2
178299,2
187726,0
162956,0
650239,1
285695,1
62508,1
601101,0
888833,0
452911,1
532091,0
647934,0
205997,1
376530,1
491158,1
670340,1
63710,1
373166,1
123762,0
949504,2
282697,1
796241,0
968995,0
114369,1
505454,1
804838,1
254338,0
357839,1
356216,2
27874,1
985071,0
718353,0
10863,1
519963,0
398011,-1
858431,0
781976,1
647740,1
509315,1
180805,0
153440,0
721700,0
665905,0
425155,1
592618,0
604000,0
706419,1
626332,1
675525,1
35335,2
879999,1
695422,1
282559,0
347486,0
237897,0
83693,0
434463,1
936349,0
467990,1
339981,-1
998342,1
769234,2
812406,0
325242,0
274653,1
141806,1
239144,1
537273,2
147807,0
207974,0
357314,1
789590,-1
752831,1
719483,1
717031,-1
744804,1
912022,0
541124,0
999263,1
986822,1
397991,1
819649,1
917021,1
742017,0
68689,1
233448,0
391815,1
625916,1
602874,1
384242,1
248317,0
597775,0
505736,1
830762,0
268977,1
169209,2
674056,2
303834,1
893012,-1
950264,1
155098,1
643801,1
37382,1
239109,0
811745,0
307324,2
651589,2
728961,0
995965,1
32617,2
345264,1
670510,1
187322,1
643839,1
656403,0
407063,1
456801,0
279241,2
173656,2
140144,1
695410,1
342379,1
904821,0
102149,-1
315058,-1
443380,1
328359,2
822742,0
363827,0
369444,1
15004,1
425757,0
795670,0
994106,1
521233,1
629606,0
428345,1
376182,0
557421,0
351678,1
566520,1
951080,0
431383,0
164681,0
711690,0
487536,1
12892,1
93856,0
616594,0
55340,0
977890,1
767055,1
449932,0
916728,1
116029,1
385866,1
560183,1
264529,0
410097,1
759381,1
846166,0
975978,1
73908,0
564366,0
218212,0
774290,0
468930,0
692526,1
425303,1
907670,1
345212,1
686682,0
130895,1
78847,0
813529,1
512340,0
643621,0
492385,1
105981,1
106267,1
395551,0
133092,0
62304,0
773877,-1
261474,0
2066,0
880642,0
168822,1
291414,0
518500,1
474278,0
250041,0
369792,0
549105,1
735919,1
415660,0
390548,-1
586365,0
801663,1
21444,1
429715,1
485778,1
353052,1
39102,1
874377,0
582519,1
714029,2
562887,0
161206,1
242518,0
333341,0
526794,2
862925,1
964831,0
141282,1
642970,1
437390,0
251594,1
3947,0
782071,1
876155,1
518691,1
571034,0
57352,1
444558,0
44613,1
583126,1
516278,1
599097,1
144626,1
362282,0
465505,1
781993,0
840724,1
385584,1
332709,0
913766,1
49767,1
416908,0
607640,0
642312,1
66809,0
55451,2
776252,2
146193,1
839366,1
579210,1
597687,0
619476,0
414013,0
380700,1
896367,0
334698,1
314624,0
991473,1
549413,1
242209,0
969368,1
348883,0
418492,0
470540,1
458378,1
109266,1
796016,2
146189,-1
908598,0
305829,0
150626,1
314295,0
785092,1
349953,0
315604,0
719053,0
625475,2
904281,1
864899,1
98191,0
393935,0
976682,0
115902,0
714477,1
904871,1
40002,1
196167,0
876677,0
639041,1
658238,0
118538,-1
585684,0
212373,0
439871,0
372248,1
808291,1
740677,0
286600,0
39137,0
242134,1
789533,0
974607,1
121892,1
925466,0
659381,1
71947,1
619589,1
538261,2
401624,1
592687,1
770681,1
655254,0
803295,0
770982,1
841939,2
773430,0
910369,1
529946,1
453960,1
199412,0
928138,0
89026,0
936076,-1
48194,1
543968,1
428811,1
199176,0
308647,0
472164,0
14347,2
792863,1
730475,0
302030,-1
729730,1
355810,2
520559,1
116986,-1
242175,1
214431,1
627510,1
372797,2
821047,0
859883,1
184039,1
575649,0
406507,1
208568,2
371985,2
440835,0
647629,1
897754,0
802877,2
254620,2
306648,-1
80762,1
65253,0
221872,1
655251,0
400521,1
899111,2
213627,0
32882,0
127013,1
296021,1
246508,0
881303,-1
877621,0
913736,1
28168,2
616816,0
337927,1
60850,2
382625,1
306424,1
125916,1
887268,0
646241,0
833300,1
640993,1
185928,1
723717,1
161924,0
653426,0
326871,1
23219,1
694941,0
511624,1
713841,0
757148,1
233609,0
481699,0
788178,2
258840,-1
180910,0
143846,1
397187,1
735956,2
697066,0
398754,1
159756,1
583833,1
347170,2
840626,1
976083,0
936082,1
707118,1
230817,1
647480,0
886880,0
669722,2
89211,0
965203,0
205053,0
792494,1
810157,0
244378,0
953700,0
823363,1
643295,1
844388,0
111866,1
891158,1
658186,1
376161,2
733882,0
524949,1
754796,-1
747068,1
260344,1
341280,1
833793,1
456224,1
942777,2
813648,0
703664,0
454700,1
774633,1
713981,0
439771,0
877051,1
557810,1
999361,1
541390,1
843489,1
864943,0
624938,1
672160,2
651084,0
657393,1
730399,1
507652,1
836399,0
231,1
141372,1
67600,0
486188,1
788413,0
163707,1
175537,1
899924,1
387467,0
300294,0
263648,1
546601,1
208409,2
988785,-1
460408,2
596290,1
152927,1
330596,0
813049,1
29924,0
966487,0
211780,0
934971,1
396644,1
389863,0
151900,1
529295,0
197911,1
795755,1
826090,0
10291,0
827586,2
342303,2
467556,1
237893,1
182715,0
523321,0
363106,0
23004,1
928252,0
391847,0
675665,1
348827,2
729449,1
232059,0
171354,0
161420,1
920419,0
125728,0
529144,-1
38443,1
923595,1
281501,1
755722,0
34877,0
948297,0
655292,1
624662,-1
617813,1
872665,2
251854,2
836359,0
798768,1
922488,0
446131,0
711942,1
132672,0
117315,-1
786925,2
88937,1
841709,0
764509,0
263838,1
903611,-1
135121,1
144821,0
632162,0
360173,-1
448103,0
678866,1
415234,-1
724647,1
665309,1
957065,0
224939,0
133760,-1
402953,1
647958,2
973496,0
211487,0
970549,1
322361,1
758055,1
34105,1
684967,0
167784,1
645719,2
183603,1
644988,0
417921,1
634015,0
855655,1
364166,0
818184,1
637913,1
584433,-1
54701,0
417381,1
883513,1
518360,2
599938,0
638621,0
961715,1
697302,1
167532,1
65065,1
872916,1
199128,0
977732,1
387630,1
42462,0
349811,1
534173,0
785799,2
403726,2
504476,0
32252,0
440593,1
892685,0
536460,0
806307,0
670875,1
681122,0
781879,0
247068,1
112810,1
603763,1
340383,1
401550,1
397696,1
292460,-1
46055,0
922725,1
420119,1
345844,0
495305,1
575462,1
353591,0
697999,1
645309,1
775388,0
616411,1
137885,-1
451960,1
789115,0
477120,2
471531,1
643397,1
981119,2
905720,1
527327,0
214262,1
764356,0
285265,1
109031,1
889920,1
918544,2
345862,0
626861,1
407425,1
112891,1
892965,1
500622,1
359206,-1
132398,2
141932,1
27158,0
312699,-1
641045,2
548793,1
614023,-1
195809,1
462314,0
505590,-1
475827,1
347787,1
246778,1
974119,1
585186,1
76203,1
637597,1
999983,1
465780,1
735013,1
290151,0
347870,2
446311,1
408612,1
196509,0
129739,1
624840,1
806364,1
616197,0
376651,2
568226,1
51453,2
646773,0
462459,1
932633,1
420183,1
992903,1
968742,1
345859,2
890862,0
674121,1
268219,0
7655,1
497236,1
186163,-1
706987,0
128531,1
315675,0
746780,1
968654,0
252133,1
53344,1
933095,0
161392,0
694317,0
682757,1
583969,-1
230320,1
927233,0
702609,0
449579,2
52493,2
275488,0
308521,0
960368,1
275530,0
833217,1
800449,1
244138,1
642606,2
370237,1
36966,1
12748,1
465047,1
688977,-1
843598,1
790157,1
242160,-1
628826,0
446288,0
322424,0
803087,1
634079,2
825627,1
961667,1
33808,1
198272,2
990123,2
469488,1
463957,1
880361,0
584773,1
374553,1
183275,1
113375,0
190844,0
795230,1
444102,1
259635,0
497056,0
205201,0
830570,2
177632,0
874661,0
204768,0
426709,0
666101,-1
728666,0
622683,0
539304,0
490246,-1
862832,0
91092,1
629284,1
581779,1
767922,1
207825,1
488877,2
290673,1
587933,0
12343,0
991667,1
366178,0
990370,1
345018,0
900182,0
23133,0
813652,0
155474,0
265814,0
976781,0
853893,0
125784,0
722067,0
203641,2
455687,1
21780,-1
739736,2
663336,1
669160,1
99220,1
736519,2
162533,0
272392,1
809568,1
408446,2
293618,0
614427,1
448949,0
434123,1
694186,2
480120,1
343589,1
595575,1
880717,1
302744,2
631761,-1
706535,1
121619,1
177940,1
94004,2
300637,2
324458,0
336980,1
3151,1
390611,2
336024,1
811013,1
920143,0
824716,1
453544,1
368830,0
556824,1
744397,2
647697,0
539985,0
399389,1
715168,0
784741,1
117318,2
568817,0
377392,-1
111643,1
8723,0
262101,1
551225,1
377121,1
388278,0
387855,0
396758,1
821375,0
307577,1
11874,2
152947,1
373196,2
681799,1
195033,0
470515,1
542193,1
786188,1
952036,2
782706,1
232723,0
443670,1
685079,2
276015,1
373750,0
956265,1
847491,1
511736,2
301549,-1
491260,1
502197,0
972927,1
740869,1
519113,1
573875,1
858962,1
528969,0
570551,1
883034,1
169392,1
269695,2
47454,1
391822,1
628083,0
644328,0
436950,-1
26551,2
647139,2
179680,0
363692,1
483048,1
540983,0
788092,1
205106,0
785011,0
33426,1
338299,-1
240223,2
514220,2
767021,1
458376,2
871950,0
648034,2
302254,2
638987,2
543051,0
518964,2
205963,1
895438,1
838812,1
396598,1
9385,1
53503,-1
857881,1
899149,0
983942,1
717325,1
193613,0
287333,1
242144,1
966042,0
167148,-1
3451,1
223188,0
571929,1
484537,1
261371,1
333480,0
717182,1
18369,1
239212,1
713047,0
896499,1
19234,1
576063,2
865976,1
865858,1
214133,0
7500,1
461792,0
909060,0
896636,2
923236,1
363209,1
943350,1
23718,0
732753,1
436406,1
226552,1
995707,1
860633,2
283389,-1
828750,1
750985,1
10691,1
968989,2
283169,1
479441,1
49000,-1
895112,1
89198,1
731498,0
873492,1
748686,0
493732,1
666504,0
291794,1
591070,0
399545,-1
898448,1
655033,0
653524,0
933765,2
98740,0
701254,0
460181,1
750030,1
745890,0
633094,1
885609,1
642211,1
893929,0
233330,-1
187583,0
1778,1
468742,0
757706,1
197401,-1
145207,1
969010,1
93645,2
262801,1
874333,1
593952,2
874815,0
792528,1
96606,0
104081,1
951844,1
240191,1
741518,1
490704,1
787476,0
356997,0
804006,1
873876,2
623346,1
987897,1
914419,1
412157,0
2028,0
605102,1
749238,1
307392,0
397422,2
338237,1
80541,0
449512,0
294833,1
413620,0
387693,1
450373,1
589886,1
516932,1
581483,2
346955,1
734933,0
288357,1
303455,0
224575,1
576795,2
15284,1
573941,0
919384,1
719494,1
24551,1
183366,1
336178,0
634250,1
609196,0
974078,2
839965,2
232062,1
924312,1
575336,2
124851,1
806164,0
732761,1
500599,0
412117,2
906349,1
913803,0
393406,1
189856,1
310554,2
919892,2
569801,1
817363,2
440342,1
720834,1
406014,1
142478,1
759688,2
371839,0
628608,0
488708,1
498562,0
43007,0
466461,0
103442,1
685532,1
488405,1
681057,1
353092,0
284569,1
395034,0
366099,2
577799,0
854121,-1
264258,1
349261,-1
122095,2
910800,0
638147,2
101951,2
309070,0
570235,1
59157,1
669686,1
558941,1
51268,1
991319,0
514870,0
52275,1
44216,0
326352,1
930456,0
837886,0
425286,1
354627,0
590555,0
540462,0
981998,0
135020,-1
981661,0
805343,1
776590,0
700547,1
575771,1
810435,1
107181,2
122281,-1
556956,1
77126,2
290670,0
517369,1
808687,1
114203,1
15842,1
102935,2
23002,1
404865,1
567081,1
211891,2
619002,1
684757,1
179146,-1
935520,1
824330,0
150637,0
119377,1
768227,1
149919,0
669199,1
185722,1
336736,2
544432,2
461608,0
543004,1
34682,1
92880,0
215890,1
888835,2
181401,1
189154,1
872090,0
845259,0
218304,1
567409,1
399514,-1
672209,1
4403,1
445740,0
464276,1
886163,0
187666,1
160670,0
285723,0
272753,1
170877,-1
698764,0
132467,0
39110,2
606934,-1
17095,0
13523,0
462723,1
389239,0
587505,2
690523,0
253146,1
167461,1
716193,1
754194,0
937593,2
795201,1
941129,0
951756,0
541050,0
676119,1
383346,0
318732,1
177261,0
374551,1
335242,0
669156,0
147257,1
631258,0
577768,1
556221,1
172964,1
767518,1
905221,1
937706,0
676551,1
411028,1
968883,0
65085,-1
974176,0
281304,2
860156,1
885791,1
174569,1
674895,1
70824,1
604290,0
927676,0
731245,0
143452,0
342692,2
871087,1
761613,1
798311,-1
635795,2
700014,1
791049,1
279700,1
507646,1
444407,0
465916,0
134834,1
852541,1
962364,1
176463,1
992510,1
975849,1
420299,0
704863,1
421447,1
935240,2
461836,0
819440,0
419330,0
535890,2
841407,0
826224,1
546860,1
624360,0
587419,1
389504,0
860824,1
793887,2
945522,-1
436399,1
797196,1
642292,-1
258901,0
233757,0
875599,2
860413,1
922066,1
719718,1
667210,1
954662,0
593300,1
491493,1
943128,0
670317,-1
550089,2
152533,0
725903,1
685530,1
679978,0
247717,-1
803475,2
776944,1
232693,1
752730,0
526205,1
831699,1
739965,1
251342,1
718512,1
816966,2
903146,1
891315,1
787078,0
21589,0
322283,0
867456,0
22847,0
520018,2
767439,1
808874,-1
257679,2
635476,0
336477,1
398328,0
386898,1
559407,0
658452,0
64700,1
636423,1
906223,1
773709,1
441850,1
133043,1
553119,1
632138,1
320905,0
975115,1
38430,1
733245,2
384813,-1
464528,2
786000,1
684182,1
221073,0
965970,1
691400,-1
691422,1
63149,2
94816,1
613499,0
910979,1
50617,0
529874,0
144763,0
477049,0
718864,1
799336,2
429124,0
16399,1
389891,1
803662,1
45923,1
260020,1
780749,2
618441,0
139969,1
723808,1
188951,0
609927,1
98321,1
513818,1
943916,1
847508,1
425538,1
231808,1
618984,1
810170,-1
952783,1
310439,1
955627,0
201714,1
253507,0
336728,1
739980,0
652034,0
786046,-1
338331,2
978337,0
559940,1
930566,0
619635,2
44405,1
436944,1
609023,1
888451,0
565182,1
230971,1
966471,1
633801,1
596337,0
434014,1
876617,0
60545,1
971322,2
634921,1
851954,1
717758,1
421679,0
890281,0
665551,1
356135,0
963332,1
574829,1
81371,2
603906,-1
468076,1
659606,0
97195,-1
493580,2
880721,1
96026,1
252046,0
856130,0
472832,-1
209090,-1
609183,1
514259,0
681249,0
25872,0
408169,2
905925,1
459544,0
913419,1
71764,1
92104,1
74545,1
870533,1
393229,1
686549,1
299868,2
725140,1
661441,1
474203,1
242949,1
179621,0
537577,1
847478,1
884263,1
793221,1
819944,1
490010,0
939135,2
323575,1
893288,0
116830,-1
362231,0
471844,1
176547,1
565202,1
329502,1
638907,0
614055,0
51534,2
945333,-1
122940,0
469138,1
880749,0
778694,1
104364,1
368719,0
193727,0
665192,0
565739,2
343223,0
279885,1
892105,0
140680,1
790521,1
412336,1
445997,0
779795,1
681616,1
367686,0
506370,2
132168,2
759108,1
607329,1
833214,2
989639,1
381419,0
152267,1
84283,0
983881,1
657049,1
460356,0
700177,0
724623,1
269340,1
535460,1
552058,2
163554,1
243130,1
943320,0
931056,2
574005,1
321998,0
313038,1
651974,1
744160,-1
911544,-1
28314,0
420118,0
865942,1
782992,1
175154,1
65902,0
787883,0
791692,1
207757,2
976442,0
758755,0
867625,1
607007,-1
938596,0
994970,1
528695,0
534510,0
661942,0
715352,2
786120,2
840591,1
649191,1
229841,0
783682,0
218198,1
446581,0
936827,2
152582,0
728227,2
11920,2
622280,0
735540,0
9279,1
757282,1
904522,1
347211,0
820479,1
756206,1
678920,1
440259,2
559157,1
406889,0
388681,0
88041,0
854980,1
922520,1
213898,1
145369,1
860687,1
680519,1
321220,0
882331,0
907463,1
335976,0
622805,0
349122,0
324368,0
581146,1
455964,1
160166,1
580239,0
18671,0
716376,1
979435,0
252476,0
838635,2
846835,1
981163,1
236535,1
927987,1
710593,-1
610576,1
758414,1
18822,0
424206,0
154236,0
729958,1
407521,1
824810,2
554576,0
996125,1
508149,1
280895,0
110710,1
583480,1
667841,1
949978,0
396471,-1
837179,0
737124,-1
294524,2
641827,2
416947,-1
515505,0
588319,0
604614,0
446458,1
37360,2
704078,0
544705,0
63842,0
901931,0
269577,1
138417,-1
426497,0
674947,1
247478,0
209270,1
992108,1
255923,1
972520,-1
942975,0
664932,1
799405,0
937887,0
173729,0
485359,1
134379,1
760079,2
398627,1
32929,1
299783,2
44735,1
728497,-1
183312,2
94753,1
14623,0
353731,0
297818,0
713609,1
362414,1
34025,1
704233,0
579173,1
591696,0
315835,0
270023,1
926733,1
30642,0
665957,2
28337,1
417278,0
50742,1
358351,1
200711,1
389793,1
454424,-1
717217,2
294907,1
198716,1
606121,0
970000,2
398295,0
849951,0
971806,1
500923,1
307702,2
960324,0
645317,1
29213,0
477346,1
299162,0
544515,1
880298,1
612332,0
766985,1
361680,1
302664,2
200394,1
447949,0
99648,0
928859,0
83796,0
925802,0
294633,2
303648,2
314580,2
572088,1
200392,0
641822,2
385091,2
556789,1
203724,1
296730,0
916865,1
435206,1
797442,1
586862,0
544527,0
342507,-1
159414,0
873750,1
240786,1
912315,1
430947,0
502009,2
406685,0
783825,2
994307,1
826534,1
958248,0
965880,2
641657,1
250465,0
447013,1
855359,1
807064,2
986805,0
461201,0
488707,0
895905,1
801388,0
34910,0
242159,1
45534,1
976055,0
937872,0
838818,0
590122,1
21289,0
762446,0
164145,0
397452,2
95291,0
870694,1
419126,0
314286,2
951661,0
187089,0
375759,-1
679611,-1
422353,0
886918,0
678095,1
839278,1
379592,1
738080,-1
336714,2
1816,1
657388,-1
683321,0
477660,1
223453,1
421643,1
43719,1
381965,0
294032,1
109220,1
874526,2
440019,0
927947,0
574554,0
128567,0
378707,1
592854,2
456458,1
962041,1
750953,1
52542,1
122796,0
187289,0
265431,0
828671,0
244357,1
753421,0
204521,1
14384,1
938581,1
739493,1
272480,1
293270,2
407620,0
221779,0
700583,0
491385,1
648006,2
271260,0
68436,1
7675,2
820467,2
957518,1
192926,0
970423,0
960163,-1
458966,1
644790,1
85869,-1
775140,2
802518,1
110473,0
640417,1
280223,-1
494357,-1
174044,1
731471,1
3723,1
3202,1
549109,0
873234,0
580874,1
56879,0
608787,0
151713,2
457952,1
155514,1
572568,0
471996,1
749681,1
85658,1
509974,2
45633,1
163316,1
168820,1
540509,1
203774,0
589068,1
930997,0
327726,1
673125,1
470462,1
275391,1
723919,1
446680,0
141194,0
583867,0
302930,1
757862,0
649240,0
551327,1
162535,-1
715022,1
356711,0
279120,1
564,0
121545,0
242286,2
625921,1
216342,1
534568,-1
173469,2
451677,0
565007,1
858239,0
707167,1
581249,1
833702,0
14926,2
448775,1
864201,1
15881,0
57888,2
525539,2
672859,1
297051,0
413953,0
20613,-1
783978,0
44946,2
739146,0
242763,0
427532,2
482620,0
338775,1
963222,1
853096,1
178136,2
507896,-1
872710,1
756649,1
427921,1
236300,0
472843,2
585050,1
722000,-1
652221,1
157054,1
758676,1
842465,2
212791,0
695776,0
699957,2
232164,1
517116,0
930064,0
576283,0
265567,2
17842,1
798939,1
168339,1
106814,1
825225,0
360538,1
612554,1
853657,1
98480,0
177484,0
777232,1
768047,2
881405,1
671404,1
329427,1
184153,1
859092,0
456205,2
280330,0
203075,1
272683,0
102279,1
251364,0
691018,0
171437,1
584523,0
352915,1
938918,0
118705,2
362862,0
162835,1
684924,0
192051,2
302733,1
338757,0
964326,0
84507,1
785363,1
504198,1
232387,1
169990,1
191543,0
746266,1
389694,0
202010,1
693828,2
234488,0
933815,2
536804,0
568070,1
757915,0
214113,1
430081,1
219191,0
154202,0
265504,0
192317,1
231203,1
921692,1
582394,1
103419,1
469177,0
67327,1
409807,0
576187,1
550239,0
648313,0
375610,1
288718,0
661607,0
440008,0
937627,0
721289,1
287145,1
281673,0
886513,0
407091,0
42518,2
742525,1
118175,1
339939,0
746758,1
47529,1
750212,0
162028,0
937194,0
491132,0
474018,1
361042,0
799826,1
513377,0
329632,2
994041,0
721268,1
93850,1
610899,1
418447,2
502706,1
910420,2
103571,1
338728,2
143979,0
908115,1
224771,1
203179,0
784900,1
795672,2
197824,1
158701,1
863844,0
678273,-1
291587,0
380473,1
144028,1
296369,-1
100221,1
353354,1
74660,0
359734,1
593537,1
461573,1
787803,1
498737,1
700957,2
504538,0
736901,2
651995,1
853083,1
582931,0
356177,1
140282,1
615437,-1
59916,-1
358757,0
144672,1
239716,0
661831,1
795858,0
124164,0
129832,1
112460,1
242681,1
160144,2
422103,0
546746,0
219843,1
151006,0
190868,0
994821,1
531825,0
35242,0
858151,1
432143,1
12320,1
831941,-1
584499,1
524383,-1
795138,1
152972,1
703808,0
620420,2
465164,1
384067,0
231989,1
946557,0
154720,0
948569,1
435694,0
300631,1
702259,2
881456,1
870399,1
997972,1
662440,1
733984,-1
578706,1
232381,1
20967,1
277542,0
191551,0
11712,1
729970,-1
937412,1
515785,1
27412,0
626724,1
718433,1
467242,0
127677,1
515849,0
962814,1
73851,-1
448294,1
388958,0
88600,2
815016,1
342255,0
315500,1
397781,1
497256,0
900685,0
895026,0
837882,1
857718,-1
645914,0
429221,1
733705,1
644143,1
168585,0
823781,0
732801,0
484639,2
144983,1
558804,0
78602,1
509354,1
59464,0
702425,2
194139,0
354470,1
697242,2
959223,0
925997,2
964409,-1
552441,1
704720,1
637471,0
392090,0
429352,1
418244,1
212699,0
433115,1
596894,1
744616,0
700389,0
499577,-1
939324,1
444327,1
899081,0
562893,1
430444,2
590926,1
301275,1
341119,1
629890,-1
292105,1
598093,0
578681,1
450187,1
806371,1
377791,1
552683,0
310662,0
493968,1
213428,1
323918,1
659778,1
931821,1
466144,0
485827,0
576534,1
880020,-1
983767,1
307996,2
901703,1
787373,1
488684,1
138535,2
116502,0
418892,0
695046,1
601032,1
260117,1
84408,0
438427,0
260358,0
564732,1
727187,0
126996,0
166715,0
941101,2
963211,1
206732,0
754664,2
991119,0
573773,1
733913,0
324298,1
286589,1
452072,0
574560,2
582553,1
387930,2
106633,1
209318,0
247440,1
645123,2
632243,0
41005,1
510964,1
126015,1
925313,-1
946901,1
645629,1
568781,0
966168,0
164600,2
76245,2
54719,1
7509,0
434728,1
68985,1
889229,0
617853,1
230037,0
598028,1
934017,1
204685,-1
275992,2
365621,0
71091,1
972408,0
109470,1
79549,0
362284,1
87027,1
7240,1
703452,-1
145197,1
1945,0
712767,1
511943,1
228503,0
675038,-1
850882,0
157092,1
993050,0
190667,0
56081,1
320095,0
124432,1
929212,1
770494,1
759292,1
726964,1
355876,1
932500,2
251875,1
147687,0
124352,1
567215,-1
47328,1
384546,0
714132,1
744069,1
904328,1
174271,1
946120,-1
340483,1
280836,1
44911,2
438926,0
502640,0
613771,1
295236,0
651182,0
113815,2
70411,0
770580,0
425733,1
952906,0
859485,2
567060,1
533881,0
470525,0
848469,1
568784,2
877185,1
168726,1
587093,1
987387,2
342669,0
725378,1
487075,1
344476,0
332836,-1
767844,2
262960,1
71648,0
529828,1
980495,1
389168,1
981338,0
795799,0
976940,0
96321,-1
41753,-1
194110,-1
504128,1
780124,1
356023,1
398872,1
345019,0
776169,1
359849,1
311294,1
618627,1
155605,0
397357,1
880594,0
282389,0
8701,0
646950,1
701935,1
867236,0
169205,1
677356,1
551956,2
239983,1
829555,0
90918,1
604275,0
172579,1
9475,1
924591,0
676803,1
715117,-1
795553,1
672587,1
273880,1
29004,2
596291,2
594134,2
684013,1
262766,1
332492,-1
33218,1
511329,0
626443,0
76165,1
210055,1
145456,-1
131138,0
864046,1
226831,2
641620,0
121792,1
593310,1
998283,1
366049,2
790955,-1
484959,1
518884,1
444593,1
285948,1
262411,1
544648,0
181962,1
29667,-1
101815,1
484679,0
165310,1
991755,-1
753084,0
645827,-1
797101,1
652094,1
415350,1
988696,1
254341,0
619928,0
733556,1
874389,0
889535,1
18492,1
212156,1
446936,1
99337,2
366122,2
857685,0
752290,1
784519,1
841029,0
818114,1
391759,0
218217,2
514458,2
725621,0
277280,1
960351,1
497022,1
673763,0
576817,1
113307,1
623916,1
650738,1
647394,1
764007,0
732898,1
391659,1
175838,1
467890,1
648786,1
192616,-1
280107,2
231690,1
760479,1
220087,-1
27968,2
435534,1
906542,1
682632,1
807456,1
985511,0
531101,2
405436,-1
477213,0
440967,1
334834,0
906815,0
478680,1
184856,0
527493,0
562159,-1
244745,1
642003,2
357986,2
46480,-1
49925,1
979680,2
662792,1
75837,0
943024,0
576033,1
345642,2
634597,1
743366,0
573632,1
292228,-1
843750,1
510205,2
709542,1
228488,1
922831,0
579403,0
395851,0
440675,0
714011,0
679588,0
154261,0
701991,0
78214,2
807282,0
668050,1
734739,1
385189,1
413920,-1
651019,0
255286,-1
258396,-1
931784,1
79989,0
628610,1
439993,1
898414,1
681341,2
150769,0
710936,1
616628,1
811994,1
556747,0
843257,0
99188,1
427006,0
97899,1
706552,2
717134,1
920814,1
583327,0
738594,0
506262,1
63123,1
929360,1
741854,2
305707,1
837793,0
742000,0
918334,1
956244,1
493656,0
155104,1
598173,1
693350,0
858955,1
648396,0
381704,0
761694,1
880806,1
227080,1
623268,0
983828,1
802279,0
987980,1
211241,0
265042,0
174321,0
461455,0
399200,1
52238,1
619713,1
219773,1
276473,1
868018,1
758458,2
929280,0
589155,1
266361,1
914494,1
560119,0
486451,0
881623,1
219667,2
380317,0
221371,1
37074,1
713540,1
548241,0
611865,0
987116,1
322192,2
216069,1
629946,1
13575,1
811195,0
265187,0
664758,0
682704,1
403445,0
254631,1
616375,1
772787,1
964612,0
126727,1
804398,0
904502,2
771068,1
996118,0
48173,0
210227,1
236789,1
70995,1
706649,1
785152,1
905971,1
895249,0
637993,1
626143,0
181536,1
462251,1
146057,0
186483,0
955391,1
627421,1
677657,2
109807,1
2354,1
596661,0
697797,0
449687,2
89035,0
934819,1
474445,1
499061,0
222175,0
816137,0
958446,2
451394,1
988130,0
39619,1
531092,1
970953,1
6685,1
57260,1
339478,0
854673,1
391664,1
105187,1
489312,0
605384,1
345792,1
498080,0
442883,1
366507,0
268424,0
548053,0
816356,1
319790,2
406053,2
749147,0
860970,1
848457,0
163149,1
133966,1
800062,0
702964,0
44870,1
370116,1
264,0
691694,2
386234,-1
622990,0
761421,1
550240,1
18557,0
880977,1
900311,0
290640,1
834981,-1
805937,1
5660,0
937229,2
602273,1
756623,1
314251,1
859126,1
625840,0
628722,1
31683,0
637301,0
861106,0
962504,0
413768,0
509887,2
252731,0
795288,1
710479,1
174945,1
579830,1
229717,0
144271,2
379189,1
290199,1
200446,-1
128390,1
699939,-1
108841,1
312441,2
864148,2
950584,1
961196,0
685323,1
805401,0
698939,0
814000,2
58299,1
23273,1
995061,1
676193,1
546056,0
655182,1
69773,1
587608,1
17138,-1
280642,0
371093,-1
779346,1
818106,1
318382,1
767509,1
777623,1
107387,1
130632,0
187272,1
566063,1
286832,1
63870,0
128230,0
197323,2
716749,0
957299,1
274019,1
203658,-1
191203,1
267003,0
716822,0
375666,1
823132,1
377725,1
18572,1
356855,0
105902,1
827866,1
478653,0
349139,2
68048,0
635269,0
363713,0
87799,0
915713,0
609213,1
1868,0
777800,1
574642,0
858064,1
638221,0
480115,1
596549,2
573227,0
667910,0
269505,1
681429,1
980390,2
904230,1
261374,0
889016,-1
1873,0
427871,0
574530,1
602979,1
347948,0
282595,0
412481,1
380725,1
63535,1
734774,1
179529,0
633917,1
894682,2
158195,2
763806,1
848639,1
194609,1
865198,1
565875,0
496725,1
953477,0
630968,1
737186,1
526033,1
404501,0
558384,1
904548,1
328893,-1
455263,2
411075,1
370060,0
116665,0
432933,1
608567,1
908282,0
66979,0
599838,2
543212,0
885689,1
443882,1
876929,0
887643,0
624540,0
34911,1
580022,1
198211,-1
630440,2
542738,2
871903,0
716228,0
406230,1
668064,1
314274,2
257686,0
101227,1
25290,1
375891,-1
34010,1
40365,1
853758,1
788125,2
213338,1
180139,1
55654,1
834951,1
627875,2
251339,2
440126,1
272326,1
644600,1
398471,1
802594,1
573749,0
52505,-1
434584,2
438631,1
427939,1
915148,1
860272,0
368060,1
774835,0
354242,2
570617,1
70495,0
135174,1
682907,0
372076,2
367591,0
815570,2
629181,1
829720,0
221249,0
819991,1
237193,1
541924,1
27354,1
91111,1
182572,1
84978,1
353319,1
760882,1
166329,1
640783,0
328610,1
7783,1
610090,1
880345,1
259391,0
254046,0
483168,1
634613,0
794011,0
864337,1
804186,1
188819,1
133114,1
302105,0
879752,0
536387,0
193423,1
657857,-1
380045,1
594314,1
570237,1
670097,0
918209,0
837336,-1
74832,0
599202,2
345439,0
597691,1
623359,0
154926,1
543345,-1
47506,0
968726,0
417810,0
143490,1
378655,2
946596,1
35342,0
622888,-1
832165,1
192832,0
97549,1
495487,1
766048,2
939033,1
138800,1
228761,0
574754,1
626985,1
433348,-1
192355,0
963107,1
999981,1
617958,1
952959,1
959362,1
192609,1
66246,0
358555,1
813493,1
382756,1
199914,2
266290,0
553116,0
993994,1
660130,0
589516,1
46337,1
514759,1
162622,0
644185,-1
739106,0
971561,0
659698,1
151215,1
416432,1
769917,-1
788844,1
492700,1
425952,-1
235477,2
527302,1
958454,1
602185,1
532355,1
421607,1
479614,1
438859,1
543088,1
462257,0
590371,0
10969,0
589424,1
464478,0
429596,1
798448,1
23909,1
376272,0
923193,0
823747,1
457355,0
347052,2
66502,0
299715,1
312547,1
826591,1
230066,1
907342,0
185909,0
964603,0
652858,0
673484,1
659850,0
325061,2
91808,0
123801,2
513943,0
860175,1
815056,1
486326,2
855450,-1
240653,0
757775,1
650557,0
610842,1
399725,1
348551,2
83045,2
70637,0
237678,1
222133,1
865701,1
68152,0
767679,1
389088,0
575093,0
755276,1
125235,0
117833,0
850199,1
665252,1
354103,2
85482,1
96215,1
420392,1
836749,0
96112,1
442655,0
493632,0
250104,2
431638,2
260943,-1
28195,0
228403,1
434759,2
609858,0
726626,1
836744,0
387382,1
566453,2
43761,1
815572,1
127076,0
350807,1
37942,1
367769,0
374290,0
181464,0
806379,0
61948,0
531906,2
658791,0
322278,1
901920,1
963328,0
405596,1
11922,-1
74085,0
616402,1
280716,0
798339,1
133412,0
739578,1
480835,0
529150,1
174969,0
278166,1
773548,1
737855,1
410542,0
211669,1
423622,2
708256,1
448983,-1
186031,1
169019,0
101779,2
650180,1
926550,1
138491,0
391450,2
934166,0
697839,0
720023,2
971780,1
748213,2
926054,1
308665,0
210959,0
757381,1
519967,0
517695,1
828619,1
786684,0
654141,0
26799,1
291929,0
482170,1
853745,1
300939,1
510814,2
167713,0
265139,0
155267,1
228872,0
384335,2
813193,0
38282,2
183876,0
720812,1
109534,1
259492,1
246290,-1
763749,1
642286,-1
867952,0
8216,0
320110,1
21464,1
310567,-1
615005,2
53859,0
297063,0
264190,0
443998,1
757742,0
754862,0
725854,1
890956,-1
321055,0
634254,1
235754,0
558955,1
65287,1
484377,1
10455,0
286352,1
113454,1
461270,0
488570,0
887186,2
758368,1
814188,1
8804,0
919559,0
902551,1
836655,1
259266,0
843290,1
89878,1
177737,1
709915,1
538854,1
916160,0
226541,1
138347,1
189907,1
835957,1
2453,0
288234,2
892628,1
347594,0
235588,0
468709,-1
475853,0
508767,0
141974,1
505807,0
966179,-1
800564,0
897987,0
566665,0
31082,0
893407,1
497793,1
271869,0
952902,0
249204,1
425573,0
857643,2
970991,1
820814,1
771165,1
522475,0
134378,2
208843,2
781292,2
488788,0
56755,2
677231,2
430403,0
492666,1
690704,0
86820,1
729700,1
910595,1
627411,1
544675,0
236936,2
707145,1
723320,1
534852,0
585851,2
789872,1
489844,1
626956,0
520654,1
466279,0
615839,0
340614,1
578623,1
986836,1
699946,0
491981,2
302985,1
821321,1
872096,0
83112,1
916902,2
74318,2
41781,1
108426,2
540514,1
350015,1
504130,0
569630,1
48076,0
582428,1
678581,0
933542,2
204455,1
483251,1
101551,1
596456,1
98551,1
136985,0
378502,0
661017,0
631081,1
397495,0
429301,1
653053,1
873776,1
85162,2
721865,1
142098,2
957871,0
885270,2
63750,0
258944,1
86728,0
70534,1
790364,1
643306,0
298528,1
240070,1
445578,1
678471,0
112618,2
838761,0
604353,1
355764,0
829347,1
157025,0
528161,1
439782,1
412030,0
764877,1
53914,1
197159,0
87861,1
626983,0
852887,0
130659,1
532269,1
721124,2
207930,0
555759,1
971279,0
303159,-1
507693,2
465871,1
934290,2
182683,1
825197,0
436717,-1
866022,1
113016,0
244750,0
502527,0
162559,0
463464,1
763405,1
18702,1
238567,0
704788,1
651389,0
744950,2
129143,0
384556,0
76106,1
256890,1
520293,0
889555,1
746129,0
427951,1
731007,0
429288,1
20860,0
993045,1
176478,0
895762,1
569333,-1
212305,1
725658,1
728982,-1
933352,0
484356,1
255786,1
829635,1
334593,1
188684,1
815072,1
442122,1
36020,1
421230,0
627623,2
980821,-1
781008,1
645631,1
163845,2
949415,2
284280,0
961923,1
138561,0
935550,0
832262,0
712116,1
713337,0
784039,1
702165,-1
738465,0
132050,1
499967,0
367567,1
623626,1
825528,0
375901,0
810713,0
712277,1
102007,0
187527,1
378155,0
634492,1
675346,1
901159,0
466180,0
915897,0
804521,0
145454,0
178673,1
617471,0
875322,0
129150,-1
622678,1
21744,1
704991,1
519115,2
380592,2
268542,1
291316,-1
338268,0
239293,0
531330,2
300066,1
50540,0
113908,1
585990,2
752092,1
79291,0
347916,0
864940,1
7787,1
629207,2
575917,1
432436,1
597885,0
173756,-1
867822,1
278415,1
528119,0
118755,0
356576,0
748080,0
51429,1
698409,1
388085,0
307283,1
704405,0
812733,-1
717339,2
293579,-1
406738,1
228132,0
286368,1
577734,0
135143,1
620854,0
369683,0
323400,1
417301,1
436059,0
721249,-1
773767,2
333656,1
568768,2
43272,1
938568,0
172948,1
983276,0
803312,0
76720,1
511620,2
512613,0
984860,2
95573,0
850914,1
482213,2
269621,1
193531,0
595368,2
107866,0
469303,1
818727,2
635858,2
965686,0
299643,1
624867,1
304109,1
88015,1
26930,1
764165,1
830407,1
533945,2
832256,0
730474,0
142120,0
52465,1
970804,0
415836,1
605423,1
472333,-1
248830,0
47690,-1
816723,0
278217,0
204745,0
100347,1
17989,1
385330,1
659215,-1
575962,2
41877,1
147107,1
12509,0
873931,1
961460,1
991948,2
882799,1
597075,2
397560,0
922131,-1
516390,-1
36679,2
355749,1
111961,0
333377,1
519677,1
292196,-1
200571,0
532693,0
696374,1
36398,1
963871,1
760952,0
507103,1
243383,0
51662,0
788143,2
193781,0
102407,1
76051,1
41988,0
29210,1
733080,2
985373,1
872691,1
49560,-1
198799,1
601351,1
767895,1
88166,0
272120,1
761653,0
439734,0
225986,-1
271947,1
20794,1
172350,1
93349,0
207577,1
193393,1
919838,-1
303267,0
215238,0
753001,2
860932,1
731781,0
772579,0
945782,1
565594,-1
668399,0
187894,2
24733,1
127237,1
57546,0
813037,1
365946,0
486202,-1
226177,1
83339,2
475772,0
733562,0
672377,2
325473,-1
960228,2
338453,0
303865,1
984308,1
176390,0
110266,-1
723823,0
713426,0
65837,1
959568,1
259915,2
414319,2
734239,1
951585,1
991551,0
538053,1
159032,-1
760242,0
511303,0
205139,0
713411,-1
404299,1
520934,0
962258,1
589683,1
879487,1
595853,0
893537,1
510701,0
506168,-1
935401,0
172217,1
107737,0
843898,0
75963,2
792583,0
788850,1
171453,1
721682,2
504393,1
457122,1
967876,0
778564,0
384288,0
918649,2
932202,2
596826,1
533476,0
510491,1
542316,2
994967,0
19929,0
600094,0
415619,2
954438,1
68040,1
621500,0
219085,1
511936,1
24310,0
92102,1
606534,1
71316,1
680063,1
322709,1
489062,0
508651,1
727703,0
4932,1
962717,1
261801,1
235490,2
526141,1
464597,1
402932,1
874966,1
38647,1
874952,0
45839,2
11704,0
415601,0
62116,1
857982,-1
270552,0
916824,1
195763,0
580302,0
746004,0
21524,2
756045,0
291523,0
168193,1
951740,1
719914,2
221414,1
46653,0
682720,0
358950,0
287098,1
98062,2
129794,1
881908,2
346851,2
420600,1
496637,0
184565,1
806189,0
309088,0
377531,1
767728,1
366827,1
268773,1
434121,0
416182,1
768348,1
451039,1
141243,0
400389,1
984894,1
844684,-1
413599,-1
366303,0
934357,0
710000,0
76567,0
273418,0
169343,1
158615,1
568416,1
529243,0
951670,0
163851,2
111020,0
222806,1
504194,1
403341,0
409964,1
164886,0
575926,1
50353,0
511508,-1
824922,0
306457,0
791734,1
320087,1
389556,0
7867,2
266834,1
297246,2
972720,1
832558,-1
973815,1
121239,1
173190,0
347349,-1
801067,2
554970,1
942489,0
318547,0
433231,1
214255,1
964352,2
296345,1
369301,1
786938,1
248151,0
706539,0
243277,2
1848,1
988928,2
829412,1
876162,0
983975,1
920807,1
857409,1
642964,1
740115,2
287561,-1
65414,0
115578,0
996029,1
530221,1
390917,1
879745,0
664859,2
29179,1
329827,0
76057,1
815249,0
516224,1
879490,0
870513,1
447999,0
282117,1
551584,1
896735,1
378299,1
362462,1
817340,0
339234,1
384300,1
372535,1
481501,0
22762,0
485119,1
960924,1
1286,0
484608,0
96406,0
119877,1
704187,1
639303,1
226794,-1
466728,1
267290,0
197811,1
192879,1
541183,0
268167,0
222652,2
389701,-1
778178,0
899742,2
611148,1
412287,0
154379,0
337433,2
4992,1
952134,1
614950,1
433589,1
431329,1
973104,2
345041,1
9154,0
159443,2
328167,0
410690,1
560172,0
475421,1
693871,0
765176,1
473084,1
948517,1
614570,0
240361,1
179722,0
221023,2
147626,0
82010,0
660216,2
954078,2
201149,0
362596,1
306287,1
480623,0
83287,1
860488,1
659668,0
443467,1
401669,1
605414,1
411340,0
6215,2
34173,0
927611,1
417370,1
829063,1
955137,2
974180,0
513478,1
63637,0
3608,2
143481,0
279637,2
12633,-1
91354,0
456539,0
103459,1
724466,1
917465,1
677645,2
625671,0
368134,2
418287,0
830297,0
850990,1
99241,1
713539,0
776332,0
611692,0
378145,0
692646,0
551222,1
41841,1
676647,0
964118,0
829668,1
416481,0
585188,0
119077,0
122135,0
541838,2
176060,0
864487,0
751214,0
219125,1
660479,0
490868,-1
826967,-1
129768,1
750892,1
720402,0
453224,1
704902,1
796499,0
533138,1
751954,0
654466,0
379806,1
584321,1
21580,2
628187,2
604103,0
324896,1
403714,1
679294,1
288757,1
885811,1
87060,0
226855,2
208873,0
385795,1
36354,0
231516,2
898881,0
439774,-1
41702,0
697039,0
118268,1
230412,0
401943,1
317235,2
190442,1
324957,1
211902,2
719624,1
422031,1
941377,1
125441,1
242012,0
242306,0
342079,-1
656786,0
665159,1
449945,0
879883,1
749307,1
66606,1
635824,0
810058,0
281353,1
708472,0
819973,1
867318,2
608853,0
972226,0
800498,0
793922,0
198481,0
252111,1
325911,1
485103,-1
672238,0
18275,0
144361,1
995474,2
392717,0
308265,0
39492,2
69444,1
12457,0
212664,1
816340,1
606236,2
194914,1
216293,1
303599,1
343159,1
206331,1
524269,1
434114,0
86292,2
987282,1
562537,1
404732,-1
764897,1
816811,0
377492,1
46126,0
637184,1
432808,0
314173,0
515732,0
838114,0
66701,-1
621746,2
266646,1
560557,0
793372,0
913750,1
139199,1
420137,0
292903,1
651987,0
157858,0
270569,1
362026,1
443999,0
588978,1
211628,0
609004,0
482845,1
598339,1
943724,1
794232,0
272594,1
899087,1
429784,2
760840,1
28149,1
808742,1
150908,0
768682,0
820329,1
173226,1
259838,1
368871,1
855825,1
786513,1
156853,1
789157,1
5991,2
734105,0
30992,0
467775,0
111368,-1
973179,1
861404,1
95859,0
640918,0
222268,1
715936,0
615609,0
964807,0
950784,0
754178,-1
897363,2
389753,1
968374,1
610718,0
821120,2
792286,-1
306378,0
944027,0
672988,0
926873,0
576218,0
614007,1
548378,0
768017,0
654397,0
235861,-1
391370,1
186071,0
824006,1
663965,0
823710,0
378005,0
730502,0
314573,1
385871,-1
434233,1
802739,0
521973,2
875614,1
307688,1
331041,1
901681,-1
465021,0
247820,1
203128,1
229310,1
227668,1
970187,1
948579,1
240077,1
792835,1
541891,0
376905,1
420718,0
462840,1
88860,1
83832,0
739920,0
787253,1
105649,1
4602,1
765248,1
112884,0
732506,2
666883,2
539233,0
715698,0
694079,1
6025,1
422546,2
926173,1
303801,0
179173,1
339152,0
225522,1
277373,1
413184,0
607498,0
811297,1
72944,1
868808,1
668850,1
394292,2
222476,1
571858,2
676920,1
171213,0
231952,1
644763,0
711281,1
329512,1
351285,1
780051,2
494771,0
276685,-1
458846,0
5049,0
966777,1
610678,1
821446,1
987377,2
766106,-1
169484,0
260149,0
593061,0
734995,0
209613,-1
626252,2
667510,0
743735,1
805447,1
323315,2
568282,1
637648,0
84755,1
755282,1
704830,0
396421,1
479893,1
959482,-1
970686,2
221268,1
144987,2
937007,0
325308,0
550486,1
583351,-1
737106,1
6394,1
867691,1
786510,1
157931,1
532896,1
826598,0
799476,1
776730,2
880076,0
278774,1
144722,2
821217,0
457259,1
39408,-1
464147,1
693720,1
401381,2
382649,2
327761,1
999519,1
109855,0
139161,0
573474,0
276329,1
191012,1
338409,2
598434,2
318459,0
285434,1
296356,0
162435,1
476311,1
603693,1
909464,1
183481,1
749966,1
642063,0
191936,1
516300,1
201656,0
689131,1
210664,1
715905,0
546018,2
316131,1
780104,1
941293,0
966698,-1
331959,0
675148,1
495010,1
785573,1
992003,0
292482,0
316399,-1
207963,2
915900,0
656892,0
295105,0
36492,1
597849,1
473441,1
576935,2
840716,2
777967,-1
974517,1
832211,1
423131,0
836914,1
82167,0
969815,0
804703,2
457817,0
685085,1
646257,1
624130,1
582559,0
423169,1
657337,0
88960,1
269970,0
105374,1
482268,1
782859,0
592629,2
336497,0
57312,0
402798,1
324231,0
58998,1
922240,-1
724277,1
122922,1
592514,2
77165,1
468630,0
621373,0
398635,1
559697,0
214414,1
619976,0
455298,0
660578,-1
643036,1
913457,0
287368,1
813930,1
307025,2
551415,1
689333,0
611269,1
935392,2
897868,1
236645,0
77481,0
618553,0
633595,1
655062,1
699074,2
195308,0
595210,0
945743,-1
191854,1
987819,1
397016,-1
308507,1
43551,0
240695,0
286168,0
915509,0
869683,1
295238,1
273952,1
584394,1
195900,0
715663,2
851063,1
393719,1
285491,1
474768,0
988237,0
422929,1
531642,2
245695,2
879694,0
420847,-1
442565,1
232430,0
398214,0
394365,1
426338,2
330020,1
785007,0
972338,2
942593,0
961346,0
764846,0
669522,1
319959,0
181107,0
408404,1
523048,0
101999,0
172983,1
671524,1
849739,-1
346827,1
476615,1
895125,1
92275,1
784034,1
463466,-1
541545,0
229217,1
486638,1
318073,0
238027,1
123946,-1
926635,-1
957341,0
331416,0
912415,1
737710,1
123939,2
197071,1
355991,1
939791,1
35780,0
238540,0
578043,2
559830,1
663080,-1
637989,1
609853,1
688250,0
573526,-1
122197,1
698843,0
978695,0
276003,0
180966,0
640355,1
528396,1
838575,0
224086,0
25107,1
941017,2
83294,1
488157,-1
280143,1
234739,0
580721,1
907765,1
556068,1
212700,0
353721,0
675982,0
339284,1
191301,1
168885,1
732303,1
793043,1
699639,-1
312517,1
352208,1
266989,1
901063,-1
675882,0
320560,2
245351,0
522325,0
703585,1
641049,1
45110,2
414797,2
269667,1
242813,1
367599,1
654104,1
894232,1
287449,-1
573969,1
573083,2
543358,2
672556,1
761778,1
790474,1
576012,0
391509,2
766952,1
37858,1
703952,1
840146,0
317102,2
663313,0
350256,2
302864,1
950748,2
559829,0
316929,0
885671,1
926884,1
151033,0
956089,0
578319,2
502372,1
55085,0
844569,0
657020,0
327419,1
774068,1
215327,2
53274,2
165384,2
216655,1
895964,1
658815,1
392139,1
303725,0
95260,1
29266,2
941438,1
786762,1
687815,-1
58178,1
892211,1
38872,0
6715,0
115420,0
564035,0
655450,0
536531,0
558684,0
521553,1
702061,1
270836,1
579324,0
186889,0
813889,0
864478,1
879657,1
748146,-1
273325,1
52520,1
620251,1
967986,2
255772,2
124459,0
778658,1
730026,1
524315,1
808795,0
410560,1
736913,0
585868,0
860621,1
911013,-1
350251,2
583294,1
237397,2
810871,0
302920,1
826197,1
552138,1
948170,1
734002,0
381149,1
87066,0
393025,0
242100,0
73720,0
248576,1
757481,1
949825,1
122392,0
454520,1
246599,1
587755,1
696011,0
702158,1
577157,1
779146,0
361064,1
568478,1
293138,1
886852,0
641390,1
309204,1
861978,2
65678,0
37161,1
44459,1
212306,0
15931,0
839468,0
206409,1
80465,1
902010,0
184219,0
45607,0
337771,0
89645,1
414134,1
357355,0
783782,1
537334,0
818133,-1
314957,2
793240,0
903549,1
505388,1
903516,0
830608,1
708649,0
699265,-1
199279,2
423050,1
84479,1
692437,0
511157,0
134111,1
457774,0
444789,1
28139,0
532892,0
896668,1
807831,2
566437,1
122276,1
330625,0
459982,0
37020,1
248792,2
67871,1
818267,1
899530,1
598012,1
105391,-1
734981,-1
194458,1
525857,1
299185,1
303968,1
623420,0
491902,0
405671,1
283285,2
314315,-1
342649,1
811594,0
877953,2
250020,2
482420,0
811970,1
410045,1
768287,1
10140,0
381026,1
824589,1
566239,1
168376,0
925405,1
175224,0
761939,1
701364,2
634818,0
691110,1
386807,0
885006,1
486755,-1
335914,0
961423,-1
48070,1
86376,0
857017,0
70184,0
808139,0
348386,0
924242,0
686843,0
49160,2
302490,-1
183669,0
945556,-1
664348,0
556462,0
643411,1
428375,1
855864,1
566490,1
830535,2
382,2
373785,1
734921,0
171713,1
556800,0
88973,-1
658337,0
4709,1
877084,0
445620,1
270537,1
703375,1
46873,1
899754,1
795861,-1
812551,1
535591,1
80055,1
570775,1
607294,1
346257,1
834872,1
214043,-1
613413,0
1960,1
591346,0
716050,1
449744,1
746121,0
576177,0
742262,0
603256,1
995594,2
491003,0
258024,1
132811,0
739061,1
515952,0
622935,0
448716,2
357570,1
459647,0
694067,1
342342,1
458106,0
943571,1
592617,2
847809,1
676499,0
393921,1
307201,2
814178,1
33055,0
316616,0
246745,1
28308,2
793207,1
334667,1
805610,1
747215,0
124201,0
360821,0
461119,0
301741,1
491775,1
930852,0
208706,1
54869,1
62066,1
10993,0
629210,2
483522,0
810782,1
801097,2
117955,0
857587,0
756775,1
886329,0
629213,2
130697,0
412538,-1
34139,1
149935,1
813785,1
74650,1
465837,1
353152,1
331104,0
56069,1
723413,1
243069,0
482844,0
516277,2
634035,0
331193,0
474759,1
488620,0
839352,1
391234,1
313648,2
659109,1
662221,1
296437,-1
193971,1
787920,0
535511,2
769581,0
349431,1
929265,1
795123,0
155398,-1
725497,0
235678,1
369892,1
989976,-1
685160,1
345451,1
875429,1
588854,-1
398409,0
142668,0
868078,0
449764,1
194389,2
465891,0
861701,0
668682,0
859322,1
397319,0
662170,2
447574,0
550614,2
434903,1
939644,1
629964,1
822224,1
372060,1
575133,0
996535,0
627536,-1
773818,1
943559,1
910094,-1
40552,0
949845,0
893456,0
799680,1
478024,1
249709,0
815643,0
10542,-1
313029,0
551318,0
682768,1
541054,2
921977,0
40585,1
2551,1
3449,1
306708,1
33638,1
340490,1
371368,2
403307,2
443723,1
917808,-1
109773,0
964844,-1
875387,2
807641,1
190559,-1
929097,1
216996,0
305367,1
560286,-1
643108,1
991972,0
65425,1
336322,0
126840,1
66121,1
619287,0
124378,2
587313,2
447439,1
699344,1
700265,1
201084,0
787460,1
772476,1
999493,1
649075,1
754715,1
20118,1
606310,0
629888,1
138102,1
966636,1
260253,0
837801,1
411449,1
46829,1
422748,1
703922,2
329328,1
604545,1
194969,1
386862,-1
778479,0
25665,1
587685,1
154455,0
810205,0
429754,1
497142,1
332117,1
689977,2
15344,1
348067,1
445232,1
110434,-1
23501,1
745898,0
348993,1
86112,1
847851,1
609103,1
839077,0
257291,1
529894,0
589853,1
916547,-1
479855,0
715783,0
764927,1
784447,0
862004,0
788502,2
905470,2
59972,0
558929,1
749131,0
33039,1
692983,0
456800,1
167743,0
206677,0
76347,0
975857,1
900572,0
776019,1
315754,1
618247,1
854472,1
767416,1
824297,1
226628,2
384950,-1
470743,1
628227,1
569901,1
183605,0
39796,0
967810,0
842975,1
829262,0
43283,1
263778,0
544747,1
160865,0
870306,1
317941,1
242541,1
264786,0
502689,1
175518,1
966995,1
58075,1
936594,0
945413,-1
956383,0
796714,0
994587,1
855668,0
632029,0
99436,1
498187,1
459281,2
314913,1
343021,1
761759,1
9180,1
118420,2
144978,2
259239,1
597539,0
803311,1
678530,1
738379,0
784916,2
723261,2
520511,1
318150,1
347280,2
658258,0
834309,0
742929,1
957353,0
892508,1
629115,0
45783,1
374554,2
533692,2
239498,-1
31211,0
236762,1
499387,1
372368,1
264138,1
76328,0
114951,1
814831,0
268297,0
87226,0
145525,2
742467,0
733277,0
556429,0
984662,1
863695,1
718856,1
556202,-1
458662,1
4008,1
65794,0
308686,0
77619,1
986237,1
536921,1
327880,0
519276,1
344602,1
369696,1
183392,1
21776,2
103782,0
395442,1
528923,0
203021,2
210803,1
244909,1
201132,0
333838,0
242928,1
549548,0
971087,2
198173,0
507787,1
744350,2
989276,2
464956,1
825104,1
893902,0
790917,1
939067,1
44875,2
725908,2
162327,-1
857432,1
512973,1
665155,1
481258,1
101492,1
282384,0
563804,-1
380930,1
63274,2
796774,1
642040,0
500526,1
671048,1
486218,0
511422,1
165759,0
645301,1
710223,-1
990571,1
569637,0
721243,1
548509,2
274643,0
695145,1
255777,0
593154,0
502769,2
599372,1
579198,-1
174276,1
952316,-1
146567,2
519007,0
497620,0
83071,2
316882,1
441233,1
534393,1
313809,1
515011,1
53376,1
449332,1
358684,1
910878,1
683328,0
632209,0
63394,1
258494,0
17146,0
113406,1
791872,0
30382,-1
468651,1
807521,1
844696,2
37056,1
697676,0
108031,1
863487,0
550647,0
872306,2
368994,1
987129,1
293586,1
659119,0
489550,0
688476,0
557113,1
458344,1
343594,0
423020,1
3462,0
256331,0
182779,0
726997,0
839310,1
366691,1
793782,1
761451,0
529987,2
880139,1
907108,-1
95023,1
340565,2
313583,1
91110,0
674536,1
725981,2
791988,1
10750,1
70886,0
568043,1
148204,2
955877,1
710384,0
700357,0
403622,0
379890,0
214790,0
673915,1
599658,1
514363,1
12212,1
37585,0
269742,0
561455,2
233339,2
734564,0
152162,1
652743,2
842866,2
829108,1
427747,2
385763,1
867962,1
584277,1
977469,0
4565,1
596205,-1
106146,2
194447,0
935981,2
382689,0
877209,0
951367,1
886593,2
413497,0
168716,2
779455,1
209806,0
556990,1
55922,1
393562,2
980856,0
921808,0
463431,0
574520,0
116121,0
43620,1
941858,1
977028,0
127189,1
997627,1
146296,0
68755,1
969351,1
666496,1
742828,1
594821,1
248163,1
212783,1
530408,1
271077,1
29116,1
97327,1
103934,1
5281,0
966764,1
833394,1
769034,1
427885,0
101015,1
135053,2
445073,2
594718,1
485337,1
652031,1
295823,2
898107,0
621822,1
593768,1
724899,1
87739,1
830073,1
142961,1
61106,0
221043,0
696913,0
295268,1
753928,1
649950,1
238297,2
265204,-1
19559,1
305511,1
992050,0
346418,1
82564,0
212312,1
150821,1
680282,1
711087,0
883893,1
360801,1
578270,1
788765,0
684593,2
177297,0
658714,1
946725,1
935871,0
453781,1
370318,1
702503,1
278400,1
944133,-1
647470,0
475065,1
592615,2
579070,2
134505,0
642708,1
167603,1
555272,1
743195,1
959807,1
217024,-1
443267,0
397017,0
596814,1
533952,2
800696,0
112363,1
988128,0
759592,0
684206,-1
159362,1
246328,1
304396,2
54264,0
908329,0
849716,2
424570,0
133226,1
624182,1
847038,1
534999,1
514432,0
489534,1
417355,0
714692,-1
250868,2
192977,1
645212,0
903171,1
214224,-1
332795,1
230188,1
957788,1
102140,2
574414,1
471592,-1
782767,2
151657,0
324578,1
999173,0
741669,1
934059,1
219327,0
640084,1
865195,1
577052,0
507163,1
408984,0
639773,1
479385,2
169503,0
110462,0
251179,1
969955,1
933588,1
365700,1
267452,1
797195,0
280489,0
149414,-1
942202,0
603517,1
326443,1
292224,1
521526,2
960021,0
806425,1
231162,1
568815,1
966665,0
360405,-1
495872,1
320667,2
66860,2
581466,2
248539,1
108857,2
644838,0
474280,0
787055,-1
277933,0
273967,1
556307,0
807648,1
51870,0
94877,1
116574,1
399562,0
730487,0
951265,1
926505,1
170438,1
372720,1
591257,1
165101,2
152577,2
288444,1
57552,2
643771,2
958204,1
320134,1
210202,2
120685,0
326563,0
265061,1
764221,0
177961,1
106628,2
282903,1
981255,-1
697050,0
699241,0
646970,0
695251,1
832086,1
152329,2
561889,1
590212,0
914020,-1
675260,0
307271,1
738307,1
670025,0
140016,1
973171,0
732909,1
153191,1
716583,0
422296,-1
293089,0
134300,2
892921,1
465699,1
609512,1
580483,0
176298,0
884073,1
172648,1
395722,2
351392,1
721553,1
681784,1
385663,0
844602,0
888673,1
976202,-1
846688,0
954728,1
618950,1
762599,1
539961,1
550361,1
407571,0
656096,0
378318,0
967793,-1
75392,1
177800,1
408225,0
680118,2
297379,1
527068,1
434966,0
900632,1
130158,0
341406,1
522679,0
483207,2
221942,1
587012,2
441095,0
536195,0
43396,1
991333,0
542338,1
966161,0
209660,0
653577,0
357971,-1
407024,1
94220,0
638817,0
194215,0
856259,0
614917,1
621121,1
278551,1
106543,0
637263,2
868154,0
928749,1
311979,1
299209,-1
838786,0
740050,0
618306,0
125116,0
943217,1
556335,0
522328,-1
708449,1
76467,2
713495,-1
317157,1
874864,1
769447,2
723661,0
169776,1
341817,-1
279315,1
56671,1
586033,-1
424489,0
670559,1
813882,1
743424,0
998561,1
35843,1
148459,0
141814,1
899926,1
66867,1
249425,0
827222,1
933298,0
717876,1
76495,-1
170533,1
278,0
614316,1
215952,1
486044,1
565883,1
333596,2
774118,1
759320,-1
729321,1
734928,0
996973,1
263240,1
967543,1
88271,1
51682,2
765829,-1
526501,1
538022,1
464819,1
743385,1
352378,1
896685,0
344913,1
103328,2
317955,2
323535,1
884118,1
907600,0
319388,0
94543,1
906238,0
166594,-1
498008,0
20718,1
137232,1
576299,1
213588,0
745401,1
490678,-1
407623,0
57607,0
874698,1
708834,1
698181,0
789444,0
846358,1
726457,-1
721486,2
85593,1
612031,2
338459,1
11187,0
64779,-1
257851,1
222681,2
85769,2
491695,2
69652,1
978637,1
194315,0
842272,2
566358,2
836624,1
896889,1
928128,1
32619,0
4454,1
300730,1
462746,2
18230,0
762818,2
786587,1
709164,1
310079,1
300903,0
311755,1
52324,1
756349,0
360063,1
679442,0
121576,1
491908,2
660702,0
728978,0
849682,0
548683,1
277746,1
912506,2
261231,0
481398,1
529619,2
864134,1
764226,2
257799,0
366010,0
578643,2
857669,1
478994,1
673788,1
836471,1
5195,1
744071,2
819993,0
105033,2
577219,0
451731,1
839701,2
873740,2
103273,1
829729,0
687709,1
975580,2
992939,-1
755969,1
425274,0
449925,0
673834,1
242524,2
699239,0
964461,0
189638,1
440494,2
286814,0
947754,1
611158,0
930418,1
881582,0
321503,-1
978268,0
90863,0
461856,2
159752,0
893413,1
97582,2
70433,1
54251,1
202195,1
410018,2
505784,0
273223,1
886247,1
938271,1
943867,1
131809,0
617622,1
377222,1
477261,0
640045,0
965900,0
19444,0
359565,1
608805,2
232495,1
123701,0
817217,-1
635161,1
247020,0
617451,2
938781,0
30759,2
705452,1
349996,1
119394,1
896443,2
719233,2
607289,1
303795,1
123568,0
287032,1
914400,-1
24611,1
441152,2
100465,1
257636,0
587932,0
323729,0
50830,1
599546,1
552116,0
878865,2
494211,1
803869,0
882581,1
535734,-1
995446,1
318172,1
51166,1
801017,0
447285,1
735991,0
100505,1
72085,0
844827,0
204185,1
135358,1
265254,1
426503,0
226392,1
829793,1
822833,1
613321,0
789678,2
167452,1
134392,0
761645,0
265477,1
456308,1
928781,0
488311,1
637257,0
398134,1
291255,0
636686,0
691251,1
717856,0
921344,0
16525,0
738565,1
114799,0
64363,-1
349755,0
709627,1
896596,1
126674,0
20322,2
344127,-1
380343,1
431495,1
666836,0
979256,1
522596,0
922437,2
936407,0
177547,0
854940,1
219086,0
285478,1
376394,1
278668,1
803944,1
919590,1
671551,0
944137,1
794925,-1
756835,1
485914,0
60176,1
45335,1
155423,0
777221,1
302729,0
270476,0
564907,1
868071,0
511137,1
765166,0
686589,1
179460,0
979548,2
161158,1
122086,1
242717,0
820265,1
301262,2
548778,0
50847,1
816109,0
529955,1
223003,1
306003,1
670436,1
927913,0
797806,1
518697,-1
320211,0
312148,0
703919,0
951694,1
78201,1
178353,1
856674,2
88796,1
763171,1
961797,0
331941,0
61059,0
228395,1
906839,0
796076,1
550181,0
584668,1
858574,1
397634,0
774584,1
376780,2
571842,1
598952,1
251053,2
156160,1
209792,0
623700,1
386349,1
975607,0
710461,0
414286,0
504386,2
615210,1
686504,0
201360,1
477876,2
857523,1
65576,1
311290,0
354703,1
713717,1
3484,0
333986,1
433077,1
987845,0
487343,0
389631,0
349078,0
110116,1
853938,1
280471,2
528472,1
148108,0
344553,0
916759,1
259516,2
961234,1
423634,1
857805,2
397365,1
857555,1
989563,2
288858,2
29623,0
296324,2
195452,1
89006,-1
685999,0
953360,0
398016,0
23380,0
858247,0
251406,1
892567,0
544308,0
736038,0
788588,0
422746,2
839256,0
151320,1
306785,2
847300,-1
992698,0
659398,0
147593,1
145217,1
223963,1
810561,1
291291,0
703836,0
211575,0
238579,1
210624,-1
819555,1
558154,1
592357,1
276482,1
673932,1
995721,1
592147,1
773618,0
684165,1
350641,0
87764,0
272814,0
435767,0
62657,0
296443,1
263147,1
671827,1
928178,-1
467586,-1
755440,1
254496,0
460932,1
147670,1
569718,1
643831,1
886969,0
232075,1
109532,-1
468568,1
4936,1
203154,0
27673,2
129667,1
98126,0
279960,-1
417611,-1
179502,1
649846,1
972392,0
690263,1
844854,1
64801,1
725765,0
500151,1
137665,1
327170,1
737240,1
835581,0
975161,1
76414,0
957883,2
946476,0
933294,0
854047,0
117233,0
270551,1
65083,0
202684,2
64863,-1
390621,1
149562,0
292543,2
263451,0
40122,0
573893,1
774671,2
879851,-1
86848,-1
397160,0
475194,1
637080,0
740039,2
925132,0
629995,1
687834,0
869772,1
762016,0
926397,0
647788,1
562390,1
535086,0
424682,1
877815,2
696873,1
475889,0
31358,2
378750,0
444206,-1
608581,1
728954,0
957113,-1
801794,1
518225,1
358103,1
680249,1
330131,0
639079,1
568837,1
674514,0
408712,1
751683,1
83788,0
870105,0
506017,0
990787,0
249793,0
500428,-1
474046,0
285709,1
738823,-1
713163,1
254402,1
784922,2
172957,2
152465,2
808051,1
485595,-1
907857,0
976351,1
890487,0
22342,0
793794,0
397069,1
696234,0
446222,-1
421398,1
133429,1
906252,2
414092,2
921186,1
73317,0
750866,1
404488,-1
217262,1
82084,1
178765,0
856902,1
128311,1
28674,0
622104,0
530054,2
381560,0
98355,1
740344,0
138808,2
170089,1
226215,1
423833,1
369913,0
95896,2
97840,1
89084,0
239009,1
366412,0
851148,1
474593,0
633845,1
51545,1
278633,1
39361,0
221510,1
66321,0
66661,1
613615,1
942704,1
15587,1
353103,1
271735,1
159461,1
807877,1
934854,2
409387,0
203644,1
635192,0
772176,2
227248,-1
319106,1
128668,0
731220,0
311826,0
808440,1
615105,0
723926,-1
582734,1
520223,1
858352,0
606234,0
276096,0
254986,-1
381775,1
592526,1
230347,1
61228,0
819339,1
995982,1
727863,1
186751,0
964719,1
125624,1
344973,1
949789,0
599330,2
265518,0
298147,-1
226325,2
239874,1
301650,1
157290,0
345248,1
137668,1
387140,1
393316,1
940665,0
206952,0
541428,-1
886796,1
546374,0
922849,1
857364,-1
528773,0
348027,1
534413,0
447525,1
607037,1
136714,2
698954,-1
496231,-1
112559,1
746719,0
56423,2
111610,1
59106,0
324423,-1
903495,-1
522578,0
330418,1
170036,2
811734,1
336133,1
61446,1
286684,1
86718,0
378434,0
95056,1
157217,0
678843,1
131307,1
531053,2
947694,1
759959,1
976235,0
772212,2
869188,1
7256,0
910026,1
970748,0
960297,1
487259,0
2648,0
93493,2
320569,1
435902,0
24812,1
709950,0
191870,0
544288,1
599634,1
948396,0
628855,0
219705,2
76369,2
209707,0
529193,1
488505,1
649995,0
328227,0
734220,1
569724,0
617157,0
835618,0
497694,0
6641,0
791125,2
479666,-1
232716,1
786460,1
492966,0
885363,1
346906,1
295934,-1
650486,-1
958263,1
939823,1
69802,1
264749,1
744004,-1
903111,0
464048,0
353129,1
781817,2
105244,1
899313,2
421940,0
651955,-1
966826,1
277192,1
557101,1
16077,0
788753,0
636671,0
209113,1
17873,2
263873,0
818047,0
274518,1
137245,1
210901,0
452172,0
814366,1
212158,2
90901,0
143454,1
761556,1
505773,1
601972,1
74231,0
815985,2
481732,1
627871,1
594469,0
350756,1
269893,1
6511,1
436306,1
780075,2
143536,0
635339,0
904919,1
775083,1
201705,1
71322,0
718755,2
355397,0
7480,0
676361,2
27930,2
689435,1
6365,2
117872,1
303319,1
758069,0
519052,2
173245,1
906749,1
9631,0
186664,1
818801,1
610128,1
200984,1
946451,2
588728,1
132012,0
746803,1
684358,0
180750,-1
997932,1
291282,1
865532,0
937154,0
272540,1
28014,1
54105,0
677318,2
142298,1
546152,0
131990,1
930247,1
405814,1
849259,0
970178,1
775969,1
251906,1
209894,0
82633,1
216329,1
147245,0
375068,0
432029,1
681008,2
985356,1
83642,1
924379,2
474657,0
966145,0
943890,1
226367,1
60192,1
893971,0
418543,2
13358,1
520619,0
321598,1
741056,1
936461,2
143146,-1
535965,1
281202,1
165837,-1
613580,1
446237,1
897909,1
35072,1
334267,1
150295,0
414005,0
691449,-1
586333,2
805955,1
994946,1
535234,0
990339,1
245539,-1
142285,0
471258,1
181421,1
804056,1
250453,2
422794,1
896160,1
493299,1
579107,0
853420,1
661565,2
373413,0
962094,1
41812,2
504594,1
507593,0
210061,0
287454,1
536194,0
814693,-1
400723,0
397613,0
609991,1
343360,1
519580,1
631971,0
468411,2
239916,0
937873,1
562422,-1
422498,2
88056,1
370179,0
729780,1
758644,2
965567,1
327049,2
973414,1
109041,1
457236,1
703005,1
666461,1
200379,1
800041,0
645036,-1
888342,0
308411,1
896890,2
346042,0
211349,1
719119,0
599794,0
710238,1
654615,1
744157,0
68991,0
62494,0
119981,0
858023,0
470649,1
824428,1
499614,0
382254,1
927245,1
63744,1
175662,0
808354,0
859015,0
22385,2
245056,2
237976,1
884803,1
107153,2
467496,1
935108,0
835385,2
345228,0
656751,1
64369,1
822812,1
893774,1
300949,0
368266,1
762993,0
364409,1
165076,2
845006,1
482039,1
934736,0
964388,0
57305,0
955294,1
64942,1
339722,0
804326,1
196186,0
945210,1
910005,0
256047,1
684487,0
596984,0
100902,1
555448,0
972459,0
925684,1
331377,0
326789,1
649869,1
447927,0
162757,1
121988,0
876900,2
428436,2
980099,0
469400,0
69303,0
901450,1
469091,0
107745,-1
759608,1
105104,1
937094,1
505536,1
166852,0
955751,0
297133,1
840457,1
246498,0
453796,0
752359,1
680137,1
651615,1
34294,1
566577,0
546774,0
672130,1
180963,1
894127,1
818501,0
57049,1
480533,1
249370,0
175803,0
390055,0
797992,2
720945,1
538702,1
526631,1
233659,0
288602,1
810965,1
111100,1
528758,0
564829,0
538223,1
39918,0
128542,1
110687,0
198596,0
64585,1
586728,1
223741,1
753397,2
290174,1
542214,0
372837,0
288012,1
94780,1
964126,2
869801,1
366133,1
702070,1
407850,0
681790,0
528548,1
830318,1
720943,0
355391,2
910133,-1
644426,1
892393,2
147139,1
242092,2
337513,0
442543,0
331242,-1
697685,0
238142,2
639271,1
390876,1
892822,0
368716,2
391611,1
26366,1
830437,1
213126,0
421994,0
585939,-1
475433,0
481193,1
388001,0
721285,2
395050,1
577469,1
211607,2
574907,0
805807,0
661405,1
767832,1
851400,1
726350,0
826614,0
821952,1
468095,0
225454,1
937705,0
346504,0
372790,1
715616,0
281080,1
361431,0
434867,-1
425309,1
698813,2
615023,0
641,1
937551,1
133842,2
252814,-1
575434,2
242013,0
206664,-1
399851,0
104630,1
237325,1
814076,2
438092,0
902087,1
845881,1
93753,0
746802,1
545644,2
494858,1
744232,0
518375,0
673188,0
650394,0
579240,0
283548,0
964677,1
733088,0
795451,1
189822,0
554376,1
83587,0
77193,2
802848,2
258627,1
665792,1
322201,1
23535,1
630135,1
848949,0
802178,2
203862,1
239658,0
456223,0
586979,-1
474632,1
651329,1
889489,0
725388,0
477844,1
376894,1
402248,0
310164,0
130849,1
374093,1
481749,0
463808,1
288000,0
845217,0
757316,0
262230,0
167856,-1
215975,1
182510,2
396184,0
449083,0
627919,0
944107,1
314291,2
907344,1
380697,0
374602,1
568728,0
32358,2
358751,2
601169,0
563515,2
825374,1
401164,-1
269512,2
736903,1
665185,2
703493,1
649176,2
89747,0
801434,1
750936,2
62996,1
197941,0
931726,1
999411,1
166179,0
415347,1
703334,1
535633,1
848046,0
26885,0
656503,2
876235,1
253058,1
335901,0
486930,1
519709,1
751553,0
15916,0
876083,1
549489,0
484787,0
339205,1
293922,1
716370,1
121979,0
355364,1
652890,1
736209,1
506571,1
874194,0
24852,1
960566,1
932863,1
329246,2
339552,0
175017,1
605037,1
910328,1
379922,1
620027,2
798220,1
378654,0
90310,1
660044,1
143190,0
350310,1
743542,1
66186,1
772331,0
205514,2
743938,1
534691,0
52110,0
179889,0
921175,0
516392,0
967962,2
8838,1
192236,2
212983,0
203985,1
710768,1
524220,0
750797,1
964888,1
969489,1
178619,1
704138,1
132174,0
46263,0
817449,1
870810,1
233755,0
609080,1
981674,-1
417942,0
992917,1
84796,0
346872,0
631393,1
340881,1
216823,0
182348,1
567946,1
141268,1
684612,2
687469,0
702863,-1
286035,1
284067,0
458157,0
834117,1
255010,2
797499,2
646377,0
940776,1
195519,1
993798,0
364112,0
197836,1
245546,1
365759,0
896324,0
351010,-1
502504,2
332354,0
484950,1
37265,2
202025,-1
886374,1
180486,1
687405,1
298447,1
9338,1
982971,2
328782,1
208788,2
477780,0
941588,0
576611,0
947570,1
997910,1
74986,0
496365,0
502482,0
961810,0
94242,1
183339,1
780613,1
658499,0
144485,1
485804,0
265961,0
974437,0
430035,0
906357,1
327332,0
460921,1
493471,-1
16241,1
58712,1
816270,1
910551,1
771337,1
573204,1
367907,0
372518,1
639437,1
474666,2
648482,2
143860,2
114275,1
358451,1
576988,0
346022,2
533375,0
887942,-1
643526,1
435200,1
73621,0
430733,1
187712,0
216777,1
236330,0
615817,2
279661,2
515797,0
846929,1
927705,2
337882,0
651214,0
751056,-1
248125,2
659759,1
44797,-1
798117,1
638313,-1
204555,1
540417,0
352057,1
799088,1
934720,0
529609,1
358662,1
704245,1
932974,0
531048,1
71743,1
767345,1
530839,2
815047,2
128752,0
39654,1
132905,1
116459,1
165532,1
502758,0
284295,0
29769,1
818671,1
201465,1
663088,1
184683,2
281280,1
496917,2
229445,2
906993,1
734003,1
970888,0
75892,-1
829171,1
487955,0
127968,1
274632,0
731069,1
221632,1
769168,1
641285,1
454883,1
821566,0
314629,0
82988,0
696785,1
797805,0
525201,1
599152,1
466357,-1
191679,1
777617,1
3581,1
176471,1
188510,1
852019,2
687573,0
1499,1
687976,1
815050,0
670948,1
321255,1
683149,1
157906,0
723426,0
977979,1
693058,0
917095,2
197950,-1
812383,0
122505,1
913830,0
286098,1
76092,1
544534,1
370160,0
527515,0
617472,1
177127,1
173098,1
328325,0
443275,1
662169,1
745784,1
877890,0
129486,1
57431,1
184494,0
653677,1
77414,0
766841,0
340443,2
331063,1
560136,2
791454,0
804182,0
996054,0
997577,1
678955,1
146227,1
299148,1
964213,2
703910,1
651805,0
360112,2
554929,0
460850,0
266567,1
988459,0
54960,2
262128,1
390911,0
663234,1
207607,1
166012,2
215025,1
819232,1
738464,1
152114,1
812759,1
249602,1
802862,1
713304,0
577367,-1
491349,1
652650,0
967930,1
900531,-1
869994,0
677812,1
576783,0
401607,1
935016,0
743175,-1
966359,1
208243,0
332009,1
486157,1
343615,1
462164,1
407405,1
931719,1
642445,0
940529,1
693850,1
846956,1
999669,1
256463,1
37534,0
930321,0
495749,1
363368,0
482774,2
968706,2
984473,1
537348,1
511380,0
74611,1
714843,1
83398,1
953071,0
644182,0
636836,0
591233,1
479785,0
366080,0
86880,1
285987,1
560727,1
248082,0
53406,0
152769,1
953075,2
798231,0
596716,2
496433,0
68652,1
415102,0
247580,0
739680,1
467608,2
120848,0
799462,1
580292,0
943835,-1
990402,2
955360,0
947963,2
784748,0
502914,0
365296,0
158992,1
471246,1
345671,1
687199,1
321723,0
174439,1
442391,1
750827,2
171801,1
165677,1
563428,1
464821,0
116432,1
204331,0
644706,0
305351,2
731500,1
17208,0
19337,0
8755,1
133797,1
255140,0
627021,1
914045,0
763365,2
655183,0
773911,0
411123,1
125139,0
647348,1
335490,0
660005,0
612647,0
53118,1
402290,-1
954816,0
285572,-1
682172,2
229711,0
17840,1
959088,-1
638708,1
940588,1
288271,0
961513,1
46205,1
27319,1
634943,0
895714,0
875167,1
78329,0
867455,1
470892,1
